,Name,Price,Sale,Image
0,Mishpacha Magazine,$5.99,No Sale,https://seasonskosher.com/Content/Images/ico-close-notification-bar.png
1,"Soy Dream, Original, Classic, 32 Oz",$3.29,No Sale,https://seasonskosher.com/Content/Images/ico-close-notification-bar.png
2,"Skippy Peanut Butter, Creamy,...",$3.99,No Sale,https://seasonskosher.com/Content/Images/ico-close-notification-bar.png
3,"Season Hearts Of Palm, Whole, 14.1 Oz",$3.49,No Sale,https://seasonskosher.com/Content/Images/ico-close-notification-bar.png
4,"Gefen Whole Kernel Corn, 15.25 Oz",$1.69,No Sale,https://seasonskosher.com/Content/Images/ico-close-notification-bar.png
5,"Desert Valley Date Pitted Dates, 10 Oz",$2.99,No Sale,https://seasonskosher.com/Content/Images/ico-close-notification-bar.png
6,"Klein's Naturals Dried Guava, 7 Oz",$5.67,No Sale,https://seasonskosher.com/Content/Images/ico-close-notification-bar.png
7,"Sunsweet Prunes Bite Size, 16 Oz",$6.49,No Sale,https://seasonskosher.com/Content/Images/ico-close-notification-bar.png
8,"Egoz Walnuts, Natural Shelled, 10 Oz, Kp",$8.29,No Sale,https://seasonskosher.com/Content/Images/ico-close-notification-bar.png
9,"Dole Raisins, Pouch, 12 Oz, Kp",$3.99,No Sale,https://seasonskosher.com/Content/Images/ico-close-notification-bar.png
10,"Galil Sundried Tomatoes, 8 Oz",$3.99,No Sale,https://seasonskosher.com/Content/Images/ico-close-notification-bar.png
11,"Nutra Fig California Figs, 9 Oz",$4.99,No Sale,https://seasonskosher.com/Content/Images/ico-close-notification-bar.png
12,"Gefen Chestnuts Roasted, 5 Pk",$3.49,No Sale,https://seasonskosher.com/Content/Images/ico-close-notification-bar.png
13,"Dole Dates, Pouch, 8 Oz",$3.29,No Sale,https://seasonskosher.com/Content/Images/ico-close-notification-bar.png
14,"Ocean Spray Craisins, Snack Pack, 6 Pk",$2.69,No Sale,https://seasonskosher.com/Content/Images/ico-close-notification-bar.png
15,"Egoz Walnuts, Natural Chopped, 10 Oz",$7.99,No Sale,https://seasonskosher.com/Content/Images/ico-close-notification-bar.png
16,"Egoz Almonds, Natural Sliced, 10 Oz, Kp",$8.49,No Sale,https://seasonskosher.com/Content/Images/ico-close-notification-bar.png
17,"Haolam Shredded Pizza Cheese, 2 Lbs",$13.49,No Sale,https://seasonskosher.com/Content/Images/ico-close-notification-bar.png
18,"Herr's Potato Chips Sm. Ketchup, 1 Oz",$0.99 / each,No Sale,https://seasonskosher.com/Content/Images/ico-close-notification-bar.png
19,"Solomon's Corned Beef, 6 Oz",$7.29,No Sale,https://seasonskosher.com/Content/Images/ico-close-notification-bar.png
20,"Kellogg's Crispix, Original, 12 Oz",$4.99,No Sale,https://seasonskosher.com/Content/Images/ico-close-notification-bar.png
21,"Shibolim K'nockers, Whole Wheat,...",$3.29,No Sale,https://seasonskosher.com/Content/Images/ico-close-notification-bar.png
22,"Egoz Filberts Chopped, 6 Oz",$5.49,No Sale,https://seasonskosher.com/Content/Images/ico-close-notification-bar.png
23,"Egoz Almonds, Natural Chopped, 6 Oz, Kp",$4.49,No Sale,https://seasonskosher.com/Content/Images/ico-close-notification-bar.png
24,"Egoz Pecans Ground, 6 Oz",$4.79,No Sale,https://seasonskosher.com/Content/Images/ico-close-notification-bar.png
25,"Ocean Spray Craisins Pomegranate, 6 Oz",$2.69,No Sale,https://seasonskosher.com/Content/Images/ico-close-notification-bar.png
26,"Klein's Naturals Dried Pineapple, 7 Oz",$6.99,No Sale,https://seasonskosher.com/Content/Images/ico-close-notification-bar.png
27,Sunflower Seeds Hulled Roasted and Salted,$2.49,No Sale,https://seasonskosher.com/Content/Images/ico-close-notification-bar.png
28,"Sun-Maid Golden Raisins Box, 15 Oz",$3.99,No Sale,https://seasonskosher.com/Content/Images/ico-close-notification-bar.png
29,"Klein's Naturals Exotic Mix, 7 Oz",$5.79,No Sale,https://seasonskosher.com/Content/Images/ico-close-notification-bar.png
30,"Seasons Turkish Apricots, 13 Oz",$4.99,No Sale,https://seasonskosher.com/Content/Images/ico-close-notification-bar.png
31,"Seasons Honey Glazed Pecans, 8 Oz",$10.99,No Sale,https://seasonskosher.com/Content/Images/ico-close-notification-bar.png
32,"Gefen Cranberries Dried, 10 Oz",$3.99,No Sale,https://seasonskosher.com/Content/Images/ico-close-notification-bar.png
33,"Galil Cashews Roasted Salted, 7 Oz",$6.99,No Sale,https://seasonskosher.com/Content/Images/ico-close-notification-bar.png
34,"Quakers Life, Original, 13 Oz",$4.99,No Sale,https://seasonskosher.com/Content/Images/ico-close-notification-bar.png
35,"Galil Pickles In Brine Large, 23 Oz",$1.99,No Sale,https://seasonskosher.com/Content/Images/ico-close-notification-bar.png
36,"Poland Spring Water, 3 Ltr",$1.79,No Sale,https://seasonskosher.com/Content/Images/ico-close-notification-bar.png
37,"White Rock Seltzer, Black Cherry, 1 Ltr",$0.89,No Sale,https://seasonskosher.com/Content/Images/ico-close-notification-bar.png
38,"Snack Factory Pretzel Crisps,...",$2.99,No Sale,https://seasonskosher.com/Content/Images/ico-close-notification-bar.png
39,"Seasons Raw Walnuts, 7 Oz",$4.49,No Sale,https://seasonskosher.com/Content/Images/ico-close-notification-bar.png
40,"Klein's Naturals Apricot, 7 Oz",$5.49,No Sale,https://seasonskosher.com/Content/Images/ico-close-notification-bar.png
41,"Seasons Cranberry Mix, 10 Oz",$4.99,No Sale,https://seasonskosher.com/Content/Images/ico-close-notification-bar.png
42,"Seasons Guava Natural, 10 Oz",$6.49,No Sale,https://seasonskosher.com/Content/Images/ico-close-notification-bar.png
43,Hampton Peanut Roasted Unsalted 16Oz,$2.99,No Sale,https://seasonskosher.com/Content/Images/ico-close-notification-bar.png
44,"Seasons Pistachios Roasted Salted, 7 Oz",$5.49,No Sale,https://seasonskosher.com/Content/Images/ico-close-notification-bar.png
45,"Seasons Pineapple Tidbits, 10 Oz",$2.99,No Sale,https://seasonskosher.com/Content/Images/ico-close-notification-bar.png
46,"Seasons Raw Cashews, 10 Oz",$9.99,No Sale,https://seasonskosher.com/Content/Images/ico-close-notification-bar.png
47,"Seasons Pepitas Hulled Raw, 10 Oz",$4.49,No Sale,https://seasonskosher.com/Content/Images/ico-close-notification-bar.png
48,Seasons Wassabi Peas,$1.99,No Sale,https://seasonskosher.com/Content/Images/ico-close-notification-bar.png
49,"Gefen Pitted Prunes Dry, 10 Oz",$3.99,No Sale,https://seasonskosher.com/Content/Images/ico-close-notification-bar.png
50,Kliyat Gat Kliyat Gat Sunflower Seeds- No...,$2.49,No Sale,https://seasonskosher.com/Content/Images/ico-close-notification-bar.png
51,"Fleischmann's Yeast, Active Dry, 3 Pk",$2.29,No Sale,https://seasonskosher.com/Content/Images/ico-close-notification-bar.png
52,"B'gan Cauliflower, 24 Oz",$6.49,No Sale,https://seasonskosher.com/Content/Images/ico-close-notification-bar.png
53,"Poland Spring Water, 1.5 Ltr",$1.49,No Sale,https://seasonskosher.com/Content/Images/ico-close-notification-bar.png
54,"Paskesz Nosh-Kes, Grill Rings, 1.2 Oz",$0.49,No Sale,https://seasonskosher.com/Content/Images/ico-close-notification-bar.png
55,"Mccain Seasoned Spiral Fries, 26 Oz",$3.99,No Sale,https://seasonskosher.com/Content/Images/ico-close-notification-bar.png
56,"Seasons Natural Mango, 7 Oz",$7.49,No Sale,https://seasonskosher.com/Content/Images/ico-close-notification-bar.png
57,"Pitted Prunes, 14 Oz",$5.49,No Sale,https://seasonskosher.com/Content/Images/ico-close-notification-bar.png
58,"Seasons Peanuts Roasted Unsalted, 10 Oz",$2.99,No Sale,https://seasonskosher.com/Content/Images/ico-close-notification-bar.png
59,"Klein's Naturals Banana, 7 Oz",$5.99,No Sale,https://seasonskosher.com/Content/Images/ico-close-notification-bar.png
60,"Natural Pumpkin Seeds Roasted Unsalted, 11 Oz",$6.99,No Sale,https://seasonskosher.com/Content/Images/ico-close-notification-bar.png
61,"Kliyat Gat Sunflower Seeds, 7 Oz",$2.49,No Sale,https://seasonskosher.com/Content/Images/ico-close-notification-bar.png
62,"Seasons Cashews Dry Roasted Salted, 10 Oz",$10.99,No Sale,https://seasonskosher.com/Content/Images/ico-close-notification-bar.png
63,"Crispy Green Fruit Bags Pineapple, 6 Ct",$6.99,No Sale,https://seasonskosher.com/Content/Images/ico-close-notification-bar.png
64,"Crispy Green Fruit Bags Asian Pear, 6 Ct",$6.99,No Sale,https://seasonskosher.com/Content/Images/ico-close-notification-bar.png
65,"Crispy Green Fruit Bags Banana, 6 Ct",$7.99,No Sale,https://seasonskosher.com/Content/Images/ico-close-notification-bar.png
66,"Crispy Green Fruit Bags Mango, 6 Ct",$7.99,No Sale,https://seasonskosher.com/Content/Images/ico-close-notification-bar.png
67,"Crispy Green Fruit Bags Cantaloupe, 6 Ct",$7.99,No Sale,https://seasonskosher.com/Content/Images/ico-close-notification-bar.png
68,"Gefen Pizza Sauce, Italian, 26 Oz",$3.29,No Sale,https://seasonskosher.com/Content/Images/ico-close-notification-bar.png
69,"Meal Mart Kishka, 16 Oz",$4.99,No Sale,https://seasonskosher.com/Content/Images/ico-close-notification-bar.png
70,"Haddar Braided Pretzels, Honey...",$0.49,No Sale,https://seasonskosher.com/Content/Images/ico-close-notification-bar.png
71,"Bodek Premium Cauliflower Flore,...",$6.99,No Sale,https://seasonskosher.com/Content/Images/ico-close-notification-bar.png
72,"Pears, Bartlett",$1.99 / lb,No Sale,https://seasonskosher.com/Content/Images/ico-close-notification-bar.png
73,"La Yogurt Mixed Berry Yogurt, 6 Oz",$0.69,No Sale,https://seasonskosher.com/Content/Images/ico-close-notification-bar.png
74,"Mehadrin Cottage Cheese Lowfat, 16...",$4.69,No Sale,https://seasonskosher.com/Content/Images/ico-close-notification-bar.png
77,Kitov Corn Pops Lite,$0.99,No Sale,https://seasonskosher.com/Content/Images/ico-close-notification-bar.png
78,"General Mills General Gm Cocoa Puffs, 11.8 Oz",$3.99,No Sale,https://seasonskosher.com/Content/Images/ico-close-notification-bar.png
79,"Post Fruity Pebbles, 15 Oz",$5.49,No Sale,https://seasonskosher.com/Content/Images/ico-close-notification-bar.png
80,"Quaker Instant Oatmeal, Maple & Brown Sugar,...",$4.69,No Sale,https://seasonskosher.com/Content/Images/ico-close-notification-bar.png
81,"Kellogg's Frosted Flakes, 15 Oz",$5.69,No Sale,https://seasonskosher.com/Content/Images/ico-close-notification-bar.png
82,"Kellogg's Cocoa Krispies, 15.5 Oz",$4.99,No Sale,https://seasonskosher.com/Content/Images/ico-close-notification-bar.png
83,"Taanug Crisp Rice, 13 Oz",$3.29,No Sale,https://seasonskosher.com/Content/Images/ico-close-notification-bar.png
84,"Quaker Instant Oatmeal, Original, 11.8 Oz",$4.69,No Sale,https://seasonskosher.com/Content/Images/ico-close-notification-bar.png
85,"General Mills Honey Nut Chex, Gluten Free,...",$4.79,No Sale,https://seasonskosher.com/Content/Images/ico-close-notification-bar.png
86,"Quaker Oats Quick 1 Minute Oatmeal, 42 0Z",$5.99,No Sale,https://seasonskosher.com/Content/Images/ico-close-notification-bar.png
87,"Post Honey Bunches of Oats, Honey Roasted,...",$4.99,No Sale,https://seasonskosher.com/Content/Images/ico-close-notification-bar.png
88,"Quaker Old Fashioned Oats, 18 Oz",$3.79,No Sale,https://seasonskosher.com/Content/Images/ico-close-notification-bar.png
89,"General Mills Multi Grain Cheerios, 12 Oz",$4.99,No Sale,https://seasonskosher.com/Content/Images/ico-close-notification-bar.png
90,"Herr's Potato Chips Sm. Crisp 'N Tast, 1...",$0.99 / each,No Sale,https://seasonskosher.com/Content/Images/ico-close-notification-bar.png
91,"Nassau Whole Baby Corn, 15 Oz",$1.29,No Sale,https://seasonskosher.com/Content/Images/ico-close-notification-bar.png
92,Chicken Legs Family Pack,$2.59 / lb,No Sale,https://seasonskosher.com/Content/Images/ico-close-notification-bar.png
93,"Kitchen Collection Clear Tea Spoons,...",$1.99,No Sale,https://seasonskosher.com/Content/Images/ico-close-notification-bar.png
94,"Haddar Braided Pretzels, Honey...",$6.89,No Sale,https://seasonskosher.com/Content/Images/ico-close-notification-bar.png
95,"General Mills Corn Chex, Gluten Free, 12 Oz",$4.69,No Sale,https://seasonskosher.com/Content/Images/ico-close-notification-bar.png
96,"General Mills Honey Nut Cheerios, 12.25 Oz",$4.99,No Sale,https://seasonskosher.com/Content/Images/ico-close-notification-bar.png
97,"Quaker Oats Old Fashioned, 42 Oz",$5.99,No Sale,https://seasonskosher.com/Content/Images/ico-close-notification-bar.png
98,"General Mills Chocolate Chex, Gluten Free,...",$4.79,No Sale,https://seasonskosher.com/Content/Images/ico-close-notification-bar.png
99,"Kellogg's Special K, Red Berries, 11.2 Oz",$5.29,No Sale,https://seasonskosher.com/Content/Images/ico-close-notification-bar.png
100,"Kellogg's Frosted Flakes Cereal, 19 Oz",$5.99,No Sale,https://seasonskosher.com/Content/Images/ico-close-notification-bar.png
101,"Post Oreo O's, 11 Oz",$4.59,No Sale,https://seasonskosher.com/Content/Images/ico-close-notification-bar.png
102,"Post Cocoa Pebbles, 15 Oz",$5.49,No Sale,https://seasonskosher.com/Content/Images/ico-close-notification-bar.png
103,"General Mills Cheerios, 12 Oz",$4.99,No Sale,https://seasonskosher.com/Content/Images/ico-close-notification-bar.png
104,"General Mills Fiber One Cereal, 16.2 Oz",$5.49,No Sale,https://seasonskosher.com/Content/Images/ico-close-notification-bar.png
105,"Quaker Instant Oatmeal, Flavor Variety, 10 Pk",$4.69,No Sale,https://seasonskosher.com/Content/Images/ico-close-notification-bar.png
106,"Quaker Oatmeal Squares, With Brown...",$5.59,No Sale,https://seasonskosher.com/Content/Images/ico-close-notification-bar.png
107,"Coca Cola, Diet, 2 Ltr",$1.99,No Sale,https://seasonskosher.com/Content/Images/ico-close-notification-bar.png
108,"La Yogurt Peach Yogurt, 6 Oz",$0.69,No Sale,https://seasonskosher.com/Content/Images/ico-close-notification-bar.png
109,"Glick's Cholent Mix, 16 Oz",$0.79,No Sale,https://seasonskosher.com/Content/Images/ico-close-notification-bar.png
110,Tirat Zvi Honey Glazed Turkey...,$4.29,No Sale,https://seasonskosher.com/Content/Images/ico-close-notification-bar.png
111,"Goodman's Rice & Vermicelli, 6.5 Oz",$2.59,No Sale,https://seasonskosher.com/Content/Images/ico-close-notification-bar.png
112,"Quaker Cap'n Crunch, 14 Oz",$5.49,No Sale,https://seasonskosher.com/Content/Images/ico-close-notification-bar.png
113,"Kemach Corn Flakes, 18 Oz",$3.29,No Sale,https://seasonskosher.com/Content/Images/ico-close-notification-bar.png
114,Kellogg's Kell Rice Krispies 18 Oz,$5.89,No Sale,https://seasonskosher.com/Content/Images/ico-close-notification-bar.png
115,"Post Waffle Crisp, 11.05 Oz",$4.79,No Sale,https://seasonskosher.com/Content/Images/ico-close-notification-bar.png
116,"Post Honey Comb, 12 Oz",$4.79,No Sale,https://seasonskosher.com/Content/Images/ico-close-notification-bar.png
117,"Barbara's Morning Oat Crunch, Original, 14 Oz",$4.69,No Sale,https://seasonskosher.com/Content/Images/ico-close-notification-bar.png
118,"Kellogg's Froot Loops, 12 Oz",$5.49,No Sale,https://seasonskosher.com/Content/Images/ico-close-notification-bar.png
119,"Kellogg's Apple Jacks, 12.2 Oz",$5.49,No Sale,https://seasonskosher.com/Content/Images/ico-close-notification-bar.png
120,"General Mills Chocolate Cheerios, 11.25 Oz",$4.99,No Sale,https://seasonskosher.com/Content/Images/ico-close-notification-bar.png
121,"General Mills Trix Cereal, 10.7 Oz",$3.99,No Sale,https://seasonskosher.com/Content/Images/ico-close-notification-bar.png
122,"Kellogg's Raisin Bran, 18.7 Oz",$4.79,No Sale,https://seasonskosher.com/Content/Images/ico-close-notification-bar.png
123,"Post Honey Comb, Family Size,16 Oz",$5.39,No Sale,https://seasonskosher.com/Content/Images/ico-close-notification-bar.png
125,"Givat Whipped Cream Cheese, 8 Oz",$4.49,No Sale,https://seasonskosher.com/Content/Images/ico-close-notification-bar.png
126,Peppers Yellow,$2.99 / lb,No Sale,https://seasonskosher.com/Content/Images/ico-close-notification-bar.png
127,"Brooklyn Bred Pizza Crusts, 2 Ct",$3.99,No Sale,https://seasonskosher.com/Content/Images/ico-close-notification-bar.png
128,"Farmland Skim Plus Milk, 64 Oz",$5.19,No Sale,https://seasonskosher.com/Content/Images/ico-close-notification-bar.png
129,"Arrowhead Mills Puffed Kamut, Organic, 6 Oz",$2.29,No Sale,https://seasonskosher.com/Content/Images/ico-close-notification-bar.png
130,"Kellogg's Fruit Loops, 1.5 Oz",$1.49,No Sale,https://seasonskosher.com/Content/Images/ico-close-notification-bar.png
131,"Post Alpha-Bits, 12 Oz",$4.49,No Sale,https://seasonskosher.com/Content/Images/ico-close-notification-bar.png
132,General Mills Cinnamon Chex,$4.79,No Sale,https://seasonskosher.com/Content/Images/ico-close-notification-bar.png
133,"General Mills Rice Chex, Gluten Free, 12 Oz",$5.99,No Sale,https://seasonskosher.com/Content/Images/ico-close-notification-bar.png
134,"Sunshine Health Granola, Chocolate, 10...",$4.29,No Sale,https://seasonskosher.com/Content/Images/ico-close-notification-bar.png
135,"Kellogg's Raisin Bran Crunch, 2.8 Oz",$1.49,No Sale,https://seasonskosher.com/Content/Images/ico-close-notification-bar.png
136,"General Mills French Toast Crunch, 11.6 Oz",$4.49,No Sale,https://seasonskosher.com/Content/Images/ico-close-notification-bar.png
137,"Mother's Oat Bran Hot Cereal, 16 Oz",$3.59,No Sale,https://seasonskosher.com/Content/Images/ico-close-notification-bar.png
138,"Kell Special K Original, 18Oz",$6.99,No Sale,https://seasonskosher.com/Content/Images/ico-close-notification-bar.png
139,"General Mills Honey Nut Cheerios, 1.8 Oz",$1.69,No Sale,https://seasonskosher.com/Content/Images/ico-close-notification-bar.png
140,"General Mills Multi Grain Cheerios, 9 Oz",$4.79,No Sale,https://seasonskosher.com/Content/Images/ico-close-notification-bar.png
141,"Kellogg's Corn Flake Crumbs, 21 Oz",$5.00,No Sale,https://seasonskosher.com/Content/Images/ico-close-notification-bar.png
142,"Herr's Baked Cheese Curls, 1 Oz",$0.99 / each,No Sale,https://seasonskosher.com/Content/Images/ico-close-notification-bar.png
143,"Bloom's Real Chocolate Chips,...",$2.29,No Sale,https://seasonskosher.com/Content/Images/ico-close-notification-bar.png
145,"McCain Tasti Taters, 32 Oz",$3.99,No Sale,https://seasonskosher.com/Content/Images/ico-close-notification-bar.png
146,"General Mills Cookie Crisp, 14.25 Oz",$5.49,No Sale,https://seasonskosher.com/Content/Images/ico-close-notification-bar.png
147,"Post Golden Crisp, 14.75 Oz",$4.29,No Sale,https://seasonskosher.com/Content/Images/ico-close-notification-bar.png
148,"Kellogg's Special K Cinnamon Pecan, 12.1...",$5.29,No Sale,https://seasonskosher.com/Content/Images/ico-close-notification-bar.png
149,"Village Farm, Quick Oats, 18 Oz",$2.29,No Sale,https://seasonskosher.com/Content/Images/ico-close-notification-bar.png
150,"Quaker Life Vanilla, 13 Oz",$4.99,No Sale,https://seasonskosher.com/Content/Images/ico-close-notification-bar.png
151,"Arrowhead Mills Puffed Corn, 6 Oz",$1.99,No Sale,https://seasonskosher.com/Content/Images/ico-close-notification-bar.png
152,"General Mills Berry Kix, 18 Oz",$5.29,No Sale,https://seasonskosher.com/Content/Images/ico-close-notification-bar.png
153,"Post Chips Ahoy Cereal, 12 Oz",$4.59,No Sale,https://seasonskosher.com/Content/Images/ico-close-notification-bar.png
154,"Kemach Enriched Bran Flakes, 18 Oz",$4.39,No Sale,https://seasonskosher.com/Content/Images/ico-close-notification-bar.png
155,"Arrowhead Mills Puffed Wheat Cereal, 6 Oz",$1.99,No Sale,https://seasonskosher.com/Content/Images/ico-close-notification-bar.png
156,"Post Honey Bunches of Oats, With Almonds,...",$4.99,No Sale,https://seasonskosher.com/Content/Images/ico-close-notification-bar.png
157,"Kellogg's Special K, Original, 12 Oz",$5.29,No Sale,https://seasonskosher.com/Content/Images/ico-close-notification-bar.png
158,Eggo Pancakes Chocolate Chip,$3.29,No Sale,https://seasonskosher.com/Content/Images/ico-close-notification-bar.png
159,"A & B Gefilte Fish, 20 Oz",$7.49,No Sale,https://seasonskosher.com/Content/Images/ico-close-notification-bar.png
160,Tirat Zvi Honey Glazed Turkey...,$7.79,No Sale,https://seasonskosher.com/Content/Images/ico-close-notification-bar.png
161,"Heinz Tomato Ketchup, Easy...",$3.29,No Sale,https://seasonskosher.com/Content/Images/ico-close-notification-bar.png
162,"Ronzoni Thin Spaghetti #9, 16 Oz",$1.99,No Sale,https://seasonskosher.com/Content/Images/ico-close-notification-bar.png
163,"Kellogg's Krave, Double Chocolate, 11 Oz",$5.49,No Sale,https://seasonskosher.com/Content/Images/ico-close-notification-bar.png
164,"Kellogg's Corn Pops, 12.5 Oz",$5.49,No Sale,https://seasonskosher.com/Content/Images/ico-close-notification-bar.png
165,"Quaker Instant Oatmeal, Cinnamon Swirl, High...",$4.69,No Sale,https://seasonskosher.com/Content/Images/ico-close-notification-bar.png
166,"Quaker Cap'n Crunch, Peanut Butter, 12.5 Oz",$5.49,No Sale,https://seasonskosher.com/Content/Images/ico-close-notification-bar.png
167,"General Mills Kix, 12 Oz",$4.99,No Sale,https://seasonskosher.com/Content/Images/ico-close-notification-bar.png
168,"General Mills Cocoa Puffs 16.5Z, 16.5 Oz",$5.29,No Sale,https://seasonskosher.com/Content/Images/ico-close-notification-bar.png
169,"Kashi GoLean Fiber, 13.1 Oz",$4.99,No Sale,https://seasonskosher.com/Content/Images/ico-close-notification-bar.png
170,"Kashi GoLean Crunch!, 13.8 Oz",$4.99,No Sale,https://seasonskosher.com/Content/Images/ico-close-notification-bar.png
171,"General Mills Cheerios, 8.9 Oz",$4.49,No Sale,https://seasonskosher.com/Content/Images/ico-close-notification-bar.png
172,"Post Raisin Bran, 20 Oz",$4.99,No Sale,https://seasonskosher.com/Content/Images/ico-close-notification-bar.png
173,"General Mills Kix, 18 Oz",$5.19,No Sale,https://seasonskosher.com/Content/Images/ico-close-notification-bar.png
174,"Barbara's Puffins, Cinnamon, 10 Oz",$4.69,No Sale,https://seasonskosher.com/Content/Images/ico-close-notification-bar.png
176,"Post Cocoa Pebbles, 11 Oz",$5.00,No Sale,https://seasonskosher.com/Content/Images/ico-close-notification-bar.png
177,Sweet Potatoes Organic,$2.49 / lb,No Sale,https://seasonskosher.com/Content/Images/ico-close-notification-bar.png
179,"Frankel's Pizza Snaps, 6.5 Oz",$4.49,No Sale,https://seasonskosher.com/Content/Images/ico-close-notification-bar.png
180,"Farina Mills Creamy Hot Wheat Cereal,...",$4.29,No Sale,https://seasonskosher.com/Content/Images/ico-close-notification-bar.png
181,"Post Shredded Wheat, Wheat 'n' Bran, 18 Oz",$4.99,No Sale,https://seasonskosher.com/Content/Images/ico-close-notification-bar.png
182,"Kellogg's Frosted Flakes, 1 Oz",$0.39,No Sale,https://seasonskosher.com/Content/Images/ico-close-notification-bar.png
183,"Post Grape-Nuts Flakes Cereal, 18 Oz",$5.29,No Sale,https://seasonskosher.com/Content/Images/ico-close-notification-bar.png
184,"Kellogg's Cereal, Fun Pak, 8 Pk",$4.99,No Sale,https://seasonskosher.com/Content/Images/ico-close-notification-bar.png
185,Health Valley Cereal Bars Strawberry...,$5.49,No Sale,https://seasonskosher.com/Content/Images/ico-close-notification-bar.png
186,"Post Fruity Pebbles Cup, 2.1 Oz",$1.39,No Sale,https://seasonskosher.com/Content/Images/ico-close-notification-bar.png
187,"Gen Mills Golden Grahams, 11.7 Oz",$3.89,No Sale,https://seasonskosher.com/Content/Images/ico-close-notification-bar.png
188,"Aunt Jemima Buttermilk Pancake And Waffle,...",$3.69,No Sale,https://seasonskosher.com/Content/Images/ico-close-notification-bar.png
189,Kemach Crisp Rice 18Oz,$4.29,No Sale,https://seasonskosher.com/Content/Images/ico-close-notification-bar.png
190,"General Mills Rice Chex, 18 Oz",$5.69,No Sale,https://seasonskosher.com/Content/Images/ico-close-notification-bar.png
191,Granolachik Cinnamon Raisin Pure Maple...,$10.99,No Sale,https://seasonskosher.com/Content/Images/ico-close-notification-bar.png
192,Cucumber Kirby,$1.59 / lb,No Sale,https://seasonskosher.com/Content/Images/ico-close-notification-bar.png
193,"Welch's Grape Juice, 64 Oz",$4.99,No Sale,https://seasonskosher.com/Content/Images/ico-close-notification-bar.png
194,"Wise Dipsy Doodles, Original, 1 Oz",$1.00,No Sale,https://seasonskosher.com/Content/Images/ico-close-notification-bar.png
195,"Fresh & Tasty Milk Blue Reduced Fat,...",$2.89,No Sale,https://seasonskosher.com/Content/Images/ico-close-notification-bar.png
196,"Kineret Chocolate Chip Cookie, 24 Oz...",$5.69,No Sale,https://seasonskosher.com/Content/Images/ico-close-notification-bar.png
197,"Quaker Life Original, 18 Oz",$5.29,No Sale,https://seasonskosher.com/Content/Images/ico-close-notification-bar.png
198,"Quaker Apple/Cinnamon Instant Oatmeal, 15 Oz",$4.49,No Sale,https://seasonskosher.com/Content/Images/ico-close-notification-bar.png
199,General Mills Gm Cinnamon Toast...,$5.49,No Sale,https://seasonskosher.com/Content/Images/ico-close-notification-bar.png
200,"Sunshine Low Carb Granola Ch, 10 Oz",$6.59,No Sale,https://seasonskosher.com/Content/Images/ico-close-notification-bar.png
201,General Mills Gm Honey Nut Cherrios 19.5 Oz,$4.49,No Sale,https://seasonskosher.com/Content/Images/ico-close-notification-bar.png
202,General Mills Reeses Puffs,$5.49,No Sale,https://seasonskosher.com/Content/Images/ico-close-notification-bar.png
203,"Post Honey Bunch Of Oast W/Almond, 2.1 Oz",$1.39,No Sale,https://seasonskosher.com/Content/Images/ico-close-notification-bar.png
204,"General Mills Gm Cheerio Family Size,...",$6.49,No Sale,https://seasonskosher.com/Content/Images/ico-close-notification-bar.png
205,"Gen Mills Fruity Cheerios, 10.6 Oz",$4.99,No Sale,https://seasonskosher.com/Content/Images/ico-close-notification-bar.png
206,"Arrowhead Organic Spelt Flakes, 12 Oz",$4.29,No Sale,https://seasonskosher.com/Content/Images/ico-close-notification-bar.png
207,"Maypo Instant Maple Oatmeal, 14 Oz",$3.49,No Sale,https://seasonskosher.com/Content/Images/ico-close-notification-bar.png
208,"General Nature Granola Chocolate, 12 Oz",$4.49,No Sale,https://seasonskosher.com/Content/Images/ico-close-notification-bar.png
210,"Yocrunch Vanilla With Chips Ahoy, 6...",$0.99,No Sale,https://seasonskosher.com/Content/Images/ico-close-notification-bar.png
211,Korn's Rye Bread,$2.99,No Sale,https://seasonskosher.com/Content/Images/ico-close-notification-bar.png
212,"Carrots Baby Peeled, 16 Oz",$1.29 / each,No Sale,https://seasonskosher.com/Content/Images/ico-close-notification-bar.png
213,"Kedem Tea Biscuits, Vanilla Flavor, 4.5...",$0.79,No Sale,https://seasonskosher.com/Content/Images/ico-close-notification-bar.png
218,"McCain 5 Minute Shoestring Fries,...",$3.99,No Sale,https://seasonskosher.com/Content/Images/ico-close-notification-bar.png
219,"Fresh & Tasty Milk Green Skim, 64 Oz",$2.89,No Sale,https://seasonskosher.com/Content/Images/ico-close-notification-bar.png
220,"Unger's Pearled Barley, 16 Oz",$0.99,No Sale,https://seasonskosher.com/Content/Images/ico-close-notification-bar.png
221,Haolam String Cheese 18 Family...,$11.99,No Sale,https://seasonskosher.com/Content/Images/ico-close-notification-bar.png
223,"Macabee Bagel Pizza 6 Pk., 12 Oz",$4.39,No Sale,https://seasonskosher.com/Content/Images/ico-close-notification-bar.png
224,"Kemach Matzohs, Thin Unsalted, 10 Oz",$2.49,No Sale,https://seasonskosher.com/Content/Images/ico-close-notification-bar.png
225,"Lieber's Matzoh Ball Mix, 4.5 Oz",$1.69,No Sale,https://seasonskosher.com/Content/Images/ico-close-notification-bar.png
226,"Gefen Matzo Meal, Whole Wheat, 12 Oz",$3.49,No Sale,https://seasonskosher.com/Content/Images/ico-close-notification-bar.png
227,"Gefen Matzah Meal, 12 Oz",$2.99,No Sale,https://seasonskosher.com/Content/Images/ico-close-notification-bar.png
228,Manischewitz Matzo Ball & Soup Mix...,$2.79,No Sale,https://seasonskosher.com/Content/Images/ico-close-notification-bar.png
229,"Kemach Matzo, Whole Wheat & Bran, 10.5 Oz",$2.49,No Sale,https://seasonskosher.com/Content/Images/ico-close-notification-bar.png
230,"Kemach Matzos, Organic Spelt, 10.5 Oz",$4.69,No Sale,https://seasonskosher.com/Content/Images/ico-close-notification-bar.png
231,"Unger's Matzo Meal Unsalted, 16 Oz",$2.70,No Sale,https://seasonskosher.com/Content/Images/ico-close-notification-bar.png
232,"Lipton Matzo Ball Mix Kp, 4.5 Oz",$2.49,No Sale,https://seasonskosher.com/Content/Images/ico-close-notification-bar.png
233,"Streit's Matzo Ball Mix Whole Wheat, 4.5 Oz",$2.29,No Sale,https://seasonskosher.com/Content/Images/ico-close-notification-bar.png
234,"Manischewitz Matzos Unsalted, 10 Oz",$3.29,No Sale,https://seasonskosher.com/Content/Images/ico-close-notification-bar.png
235,"Manischewitz Matzos Whole Wheat, 10 Oz",$3.29,No Sale,https://seasonskosher.com/Content/Images/ico-close-notification-bar.png
236,"Wise Chips, Honey BBQ, 0.75 Oz",$1.00,No Sale,https://seasonskosher.com/Content/Images/ico-close-notification-bar.png
237,"Amnon's Pizza 8 Slice Box, 36 Oz",$10.99,No Sale,https://seasonskosher.com/Content/Images/ico-close-notification-bar.png
239,"Avocados, Fresh",$5.00 / each,No Sale,https://seasonskosher.com/Content/Images/ico-close-notification-bar.png
241,Manischewitz Matzo Ball Mix Reduced...,$2.99,No Sale,https://seasonskosher.com/Content/Images/ico-close-notification-bar.png
242,"Gefen Matzos Traditional, 16 Oz",$3.59,No Sale,https://seasonskosher.com/Content/Images/ico-close-notification-bar.png
243,"Streits Salt & Pepper Matzo, 11 Oz",$2.89,No Sale,https://seasonskosher.com/Content/Images/ico-close-notification-bar.png
244,"Manischewitz Matzos Everything, 10 Oz",$2.59,No Sale,https://seasonskosher.com/Content/Images/ico-close-notification-bar.png
245,Gefen Matzos Onion Poppy,$3.59,No Sale,https://seasonskosher.com/Content/Images/ico-close-notification-bar.png
246,"Shibolim Gluten Free Oat Matza, 10.5 Oz",$7.49,No Sale,https://seasonskosher.com/Content/Images/ico-close-notification-bar.png
247,"Streit's Mediterranean Matzos, 11 Oz",$2.89,No Sale,https://seasonskosher.com/Content/Images/ico-close-notification-bar.png
248,"Kemach Matzo Meal, 16 Oz",$3.29,No Sale,https://seasonskosher.com/Content/Images/ico-close-notification-bar.png
249,"Manischewitz Egg Onion Matzo, 10 Oz",$3.29,No Sale,https://seasonskosher.com/Content/Images/ico-close-notification-bar.png
250,"Manischewi Thin Matzos Salted, 10 Oz",$2.59,No Sale,https://seasonskosher.com/Content/Images/ico-close-notification-bar.png
251,"Manischewitz Thin Matzos Unsalted, 10 Oz",$3.29,No Sale,https://seasonskosher.com/Content/Images/ico-close-notification-bar.png
252,"Streit's Matzo Ball & Soup Mix, Low Sodium",$2.19,No Sale,https://seasonskosher.com/Content/Images/ico-close-notification-bar.png
254,Celery Heart,$1.79 / each,No Sale,https://seasonskosher.com/Content/Images/ico-close-notification-bar.png
256,"Haddar Tirosh Sandwich Biscuits,...",$1.99,No Sale,https://seasonskosher.com/Content/Images/ico-close-notification-bar.png
257,"Mehadrin Yo Smart Vanilla Yogurt, 3.5...",$1.19,No Sale,https://seasonskosher.com/Content/Images/ico-close-notification-bar.png
258,"Plastic House 7 Oz Plastic Cups, 100 Ct",$1.69,No Sale,https://seasonskosher.com/Content/Images/ico-close-notification-bar.png
260,"General Mills Cheerios, 18 Oz",$5.79,No Sale,https://seasonskosher.com/Content/Images/ico-close-notification-bar.png
262,"Bloom's Animal Crackers, 1 Oz",$1.96 / each,No Sale,https://seasonskosher.com/Content/Images/ico-close-notification-bar.png
263,"Barilla Angel Hair, 16 Oz",$1.99,No Sale,https://seasonskosher.com/Content/Images/ico-close-notification-bar.png
264,"Ronzoni Shells Medium #22, 1 Lb",$1.99,No Sale,https://seasonskosher.com/Content/Images/ico-close-notification-bar.png
265,"Ronzoni Lasagna #80, 1 Lb",$2.69,No Sale,https://seasonskosher.com/Content/Images/ico-close-notification-bar.png
266,"Mishpacha Egg Noodles Fine, 12 Oz",$1.99,No Sale,https://seasonskosher.com/Content/Images/ico-close-notification-bar.png
267,"Ronzoni Healthy Harvest Whole Grain Rotini, 16...",$1.99,No Sale,https://seasonskosher.com/Content/Images/ico-close-notification-bar.png
268,"Barilla Elbows, 1 Lb",$1.99,No Sale,https://seasonskosher.com/Content/Images/ico-close-notification-bar.png
269,"Ronzoni Alphabets, 12oz",$1.99,No Sale,https://seasonskosher.com/Content/Images/ico-close-notification-bar.png
270,"Ronzoni Smmtst Rotini, 12 Oz",$1.99,No Sale,https://seasonskosher.com/Content/Images/ico-close-notification-bar.png
271,"Ronzoni Ziti Rigati #1, 16 Oz",$1.99,No Sale,https://seasonskosher.com/Content/Images/ico-close-notification-bar.png
272,"Barilla Rigatoni Rotini, 1 Lb",$1.99,No Sale,https://seasonskosher.com/Content/Images/ico-close-notification-bar.png
273,"Barilla Lasagna Oven Ready, 9 Oz",$2.69,No Sale,https://seasonskosher.com/Content/Images/ico-close-notification-bar.png
274,"Ronzoni Ronz Linguine #17, 16 Oz",$1.99,No Sale,https://seasonskosher.com/Content/Images/ico-close-notification-bar.png
275,"Mehadrin Cottage Cheese, 16 Oz",$4.69,No Sale,https://seasonskosher.com/Content/Images/ico-close-notification-bar.png
276,"Manischewitz Egg Noodles Fine, 12 Oz",$3.29,No Sale,https://seasonskosher.com/Content/Images/ico-close-notification-bar.png
277,Yocrunch Lowfat Cookies And...,$0.99,No Sale,https://seasonskosher.com/Content/Images/ico-close-notification-bar.png
278,"Ocean Spray Cranberry Sauce,...",$2.19,No Sale,https://seasonskosher.com/Content/Images/ico-close-notification-bar.png
279,"Hellmann's Mayonnaise, Light,...",$5.99,No Sale,https://seasonskosher.com/Content/Images/ico-close-notification-bar.png
280,Ronzoni Penne Rigate Healthy Harvest...,$1.99,No Sale,https://seasonskosher.com/Content/Images/ico-close-notification-bar.png
281,"Columbia Pasta Egg Noodles Fine, 12 Oz",$1.59,No Sale,https://seasonskosher.com/Content/Images/ico-close-notification-bar.png
282,"Ronzoni Large Shells # 21, 1 Lb",$1.99,No Sale,https://seasonskosher.com/Content/Images/ico-close-notification-bar.png
283,"Barilla Medium Shells, 1 Lb",$1.99,No Sale,https://seasonskosher.com/Content/Images/ico-close-notification-bar.png
284,Ronzoni Spaghetti Healthy Harvest...,$1.99,No Sale,https://seasonskosher.com/Content/Images/ico-close-notification-bar.png
285,"Barilla Plus Penne, 14.5 Oz",$2.79,No Sale,https://seasonskosher.com/Content/Images/ico-close-notification-bar.png
286,"Barilla Mini Penne Pasta, 1 Lb",$1.99,No Sale,https://seasonskosher.com/Content/Images/ico-close-notification-bar.png
287,"Barilla Penne Pasta, 1 Lb",$1.99,No Sale,https://seasonskosher.com/Content/Images/ico-close-notification-bar.png
288,"Ronzoni Smart Taste Elbows, 14.5 Oz",$1.99,No Sale,https://seasonskosher.com/Content/Images/ico-close-notification-bar.png
289,"Ronzoni Angel Hair #12, 1 Lb",$1.99,No Sale,https://seasonskosher.com/Content/Images/ico-close-notification-bar.png
290,"Chuster Farfel, 11 Oz",$2.19,No Sale,https://seasonskosher.com/Content/Images/ico-close-notification-bar.png
291,"Haddar Macaroni Wheels, 16 Oz",$1.49,No Sale,https://seasonskosher.com/Content/Images/ico-close-notification-bar.png
292,"Domino Dark Brown Sugar, 1 Lb, Kp",$1.49,No Sale,https://seasonskosher.com/Content/Images/ico-close-notification-bar.png
293,"Kitchen Collection 8"" Square...",$1.49,No Sale,https://seasonskosher.com/Content/Images/ico-close-notification-bar.png
294,"Dag Yam Fish Sticks Minced 48 Ct, 24 Oz",$6.49,No Sale,https://seasonskosher.com/Content/Images/ico-close-notification-bar.png
295,"Haolam Shredded Pizza Cheese, 8 Oz",$3.99,No Sale,https://seasonskosher.com/Content/Images/ico-close-notification-bar.png
296,"Givat Yogolite Coffee, 5 Oz",$0.99,No Sale,https://seasonskosher.com/Content/Images/ico-close-notification-bar.png
297,"Pennsylvania Dutch Egg Noodles Fine, 12 Oz",$2.89,No Sale,https://seasonskosher.com/Content/Images/ico-close-notification-bar.png
298,"Ronzoni Small Egg Bows, 12 Oz",$2.49,No Sale,https://seasonskosher.com/Content/Images/ico-close-notification-bar.png
299,Ronzoni Rigatoni Pasta # 27,$1.99,No Sale,https://seasonskosher.com/Content/Images/ico-close-notification-bar.png
300,"Manischewitz Egg Noodles Medium, 12 Oz",$3.29,No Sale,https://seasonskosher.com/Content/Images/ico-close-notification-bar.png
301,"Manischewitz Egg Noodles Flakes, 12 Oz",$2.79,No Sale,https://seasonskosher.com/Content/Images/ico-close-notification-bar.png
302,"Ronzoni Elbows Gluten Free, 12 Oz",$2.99,No Sale,https://seasonskosher.com/Content/Images/ico-close-notification-bar.png
303,"Haddar Spirals, 16 Oz",$1.49,No Sale,https://seasonskosher.com/Content/Images/ico-close-notification-bar.png
304,"Barilla Ziti, 16 Oz",$1.99,No Sale,https://seasonskosher.com/Content/Images/ico-close-notification-bar.png
305,"Barilla Spaghetti, 1 Lb",$1.99,No Sale,https://seasonskosher.com/Content/Images/ico-close-notification-bar.png
306,"Landau Fine Noodles Whole Wheat, 12 Oz",$2.69,No Sale,https://seasonskosher.com/Content/Images/ico-close-notification-bar.png
307,"Barilla Pastina, 12 Oz",$1.99,No Sale,https://seasonskosher.com/Content/Images/ico-close-notification-bar.png
308,"Barilla Rigatoni Farfalle, 1 Lb",$1.99,No Sale,https://seasonskosher.com/Content/Images/ico-close-notification-bar.png
309,"Lieber's Thin Wheat Crackers, Lowfat,...",$2.69,No Sale,https://seasonskosher.com/Content/Images/ico-close-notification-bar.png
310,"Turkey Hill Diet Lemon Decaf Tea,...",$1.69,No Sale,https://seasonskosher.com/Content/Images/ico-close-notification-bar.png
311,Domino Confectioners...,$1.49,No Sale,https://seasonskosher.com/Content/Images/ico-close-notification-bar.png
312,Gefen Chicken Noodle Soup No...,$1.29,No Sale,https://seasonskosher.com/Content/Images/ico-close-notification-bar.png
313,Apple & Eve Boxdrink Apple 8...,$1.89,No Sale,https://seasonskosher.com/Content/Images/ico-close-notification-bar.png
314,"Barilla Tri Color Rotini, 12 Oz",$1.99,No Sale,https://seasonskosher.com/Content/Images/ico-close-notification-bar.png
315,"Ronzoni Smart Taste Penne Rigate, 14.5 Oz",$1.99,No Sale,https://seasonskosher.com/Content/Images/ico-close-notification-bar.png
316,"Ronzoni Smart Taste Angel Hair, 12 Oz",$1.99,No Sale,https://seasonskosher.com/Content/Images/ico-close-notification-bar.png
317,"Ronzoni Ron Penne Rigate Gluten F, 12 Oz",$2.99,No Sale,https://seasonskosher.com/Content/Images/ico-close-notification-bar.png
318,"Ronzoni Smart Taste Spagheti, 12 Oz",$1.99,No Sale,https://seasonskosher.com/Content/Images/ico-close-notification-bar.png
319,"Ronzoni Smart Taste Thin Spagheti, 14.5 Oz",$1.99,No Sale,https://seasonskosher.com/Content/Images/ico-close-notification-bar.png
320,"Manischewitz Barley Farfel Toasted, 12 Oz",$3.19,No Sale,https://seasonskosher.com/Content/Images/ico-close-notification-bar.png
321,"Ronzoni Manicotti Pasta, 8 Oz",$2.69,No Sale,https://seasonskosher.com/Content/Images/ico-close-notification-bar.png
322,"Ronzoni Jumbo Shells #95, 12 Oz",$2.69,No Sale,https://seasonskosher.com/Content/Images/ico-close-notification-bar.png
323,"Ronzoni Rotelle #124, 1 Lb",$1.99,No Sale,https://seasonskosher.com/Content/Images/ico-close-notification-bar.png
324,"Ronzoni Egg Fettuccine #132, 1 Lb",$1.99,No Sale,https://seasonskosher.com/Content/Images/ico-close-notification-bar.png
325,"Ronzoni Rings, 16 Oz",$1.99,No Sale,https://seasonskosher.com/Content/Images/ico-close-notification-bar.png
326,"Haddar Mini Pretzels, Family...",$2.99,No Sale,https://seasonskosher.com/Content/Images/ico-close-notification-bar.png
330,"Eilat 9"" Paper Plates, 100 Ct",$2.99,No Sale,https://seasonskosher.com/Content/Images/ico-close-notification-bar.png
331,"Ronzoni Shells Small #23, 12 Oz",$1.99,No Sale,https://seasonskosher.com/Content/Images/ico-close-notification-bar.png
332,"Nasoya Shirtaki Spaghetti, 8 Oz",$2.19,No Sale,https://seasonskosher.com/Content/Images/ico-close-notification-bar.png
333,"Ronzoni Whole Wheat Lasagna, 13.25 Oz",$2.99,No Sale,https://seasonskosher.com/Content/Images/ico-close-notification-bar.png
334,"Gefen Egg Noodles Fine, 12 Oz",$2.49,No Sale,https://seasonskosher.com/Content/Images/ico-close-notification-bar.png
335,"Kemach Egg Noodles Broad Kemach, 12 Oz",$2.49,No Sale,https://seasonskosher.com/Content/Images/ico-close-notification-bar.png
336,"Haddar Elbows, 16 Oz",$1.49,No Sale,https://seasonskosher.com/Content/Images/ico-close-notification-bar.png
337,Barilla Penne Whole Grain,$1.99,No Sale,https://seasonskosher.com/Content/Images/ico-close-notification-bar.png
338,Mishpacha Orzo 16Oz,$1.79,No Sale,https://seasonskosher.com/Content/Images/ico-close-notification-bar.png
339,"Barilla Ditalini, 16 Oz",$1.99,No Sale,https://seasonskosher.com/Content/Images/ico-close-notification-bar.png
340,"Haddar Lasagne Oven-Ready, 13.25 Oz",$2.79,No Sale,https://seasonskosher.com/Content/Images/ico-close-notification-bar.png
341,"Barilla Plus Spaghetti, 14.5 Oz",$2.79,No Sale,https://seasonskosher.com/Content/Images/ico-close-notification-bar.png
342,"Barilla Cellentani Pasta, 16 Oz",$1.99,No Sale,https://seasonskosher.com/Content/Images/ico-close-notification-bar.png
343,"Snapple, Peach Tea, 64 Oz",$4.98,No Sale,https://seasonskosher.com/Content/Images/ico-close-notification-bar.png
344,"Glick's High Gluten Flour, 5 Lbs",$4.69,No Sale,https://seasonskosher.com/Content/Images/ico-close-notification-bar.png
345,"Gefen Hearts Of Palm,14.1 Oz",$3.29,No Sale,https://seasonskosher.com/Content/Images/ico-close-notification-bar.png
348,"Natural Earth Rice Noodles, 7 Oz",$2.49,No Sale,https://seasonskosher.com/Content/Images/ico-close-notification-bar.png
349,"Tinkyada Spirals Brown Rice Pasta, 16 Oz",$6.29,No Sale,https://seasonskosher.com/Content/Images/ico-close-notification-bar.png
350,"Gefen Egg Noodles Medium, 12 Oz",$2.49,No Sale,https://seasonskosher.com/Content/Images/ico-close-notification-bar.png
351,"Ronzoni Quick Cook Macaroni Style, 16 Oz",$1.99,No Sale,https://seasonskosher.com/Content/Images/ico-close-notification-bar.png
352,"Ronzoni Ron Spaghetti Gluten Free, 12 Oz",$2.99,No Sale,https://seasonskosher.com/Content/Images/ico-close-notification-bar.png
353,"Ronzoni Trio Italiano, 16 Oz",$1.99,No Sale,https://seasonskosher.com/Content/Images/ico-close-notification-bar.png
354,"Ronzoni Mostaccioli Rigati, 1 Lb",$1.99,No Sale,https://seasonskosher.com/Content/Images/ico-close-notification-bar.png
355,"Manischewitz Egg Noodles Extra Wide,",$3.29,No Sale,https://seasonskosher.com/Content/Images/ico-close-notification-bar.png
356,"Gefen Brown Rice Noodle Medium, 11.6 Oz",$3.49,No Sale,https://seasonskosher.com/Content/Images/ico-close-notification-bar.png
357,"Barilla Linguini Fini, 16 Oz",$1.99,No Sale,https://seasonskosher.com/Content/Images/ico-close-notification-bar.png
358,"Chuster Farfel Toasted, 11 Oz",$2.19,No Sale,https://seasonskosher.com/Content/Images/ico-close-notification-bar.png
359,"Mishpacha Elbows, 16 Oz",$1.79,No Sale,https://seasonskosher.com/Content/Images/ico-close-notification-bar.png
361,"Kitchen Collection Plastic Tea Spoons,...",$4.29,No Sale,https://seasonskosher.com/Content/Images/ico-close-notification-bar.png
362,"Solomon's Sliced Beef Pastrami, 6 Oz",$7.29,No Sale,https://seasonskosher.com/Content/Images/ico-close-notification-bar.png
363,Blue Diamond Almond Breeze...,$2.69,No Sale,https://seasonskosher.com/Content/Images/ico-close-notification-bar.png
365,"Barilla Spaghetti Whole Grain, 16 Oz",$1.99,No Sale,https://seasonskosher.com/Content/Images/ico-close-notification-bar.png
366,"Barilla Jumbo Shells, 12 Oz",$2.69,No Sale,https://seasonskosher.com/Content/Images/ico-close-notification-bar.png
367,"Kemach Spagetti, 16 Oz",$1.99,No Sale,https://seasonskosher.com/Content/Images/ico-close-notification-bar.png
368,"Haddar Penne, 16 Oz",$1.49,No Sale,https://seasonskosher.com/Content/Images/ico-close-notification-bar.png
369,"Manischewitz Noodles Yolk Free Fine, 12 Oz",$3.29,No Sale,https://seasonskosher.com/Content/Images/ico-close-notification-bar.png
370,"Haddar Angel Hair Spaghetti, 16 Oz",$1.49,No Sale,https://seasonskosher.com/Content/Images/ico-close-notification-bar.png
371,"Barilla Fettuccine, 1 Lb",$1.99,No Sale,https://seasonskosher.com/Content/Images/ico-close-notification-bar.png
372,"Barilla Orzo, 16 Oz",$1.99,No Sale,https://seasonskosher.com/Content/Images/ico-close-notification-bar.png
373,"Barilla Thick Spaghetti, 16 Oz",$1.99,No Sale,https://seasonskosher.com/Content/Images/ico-close-notification-bar.png
374,"Explore Cuisine Organic Red Lentil Penne, 8 Oz",$4.69,No Sale,https://seasonskosher.com/Content/Images/ico-close-notification-bar.png
375,"Fiorella Round Cheese Ravioli, 16 Oz",$6.29,No Sale,https://seasonskosher.com/Content/Images/ico-close-notification-bar.png
376,Haddar Chow Main Noodle Extra Wide...,$1.89,No Sale,https://seasonskosher.com/Content/Images/ico-close-notification-bar.png
377,"Bodek Romaine House Salad, 10 Oz",$4.99,No Sale,https://seasonskosher.com/Content/Images/ico-close-notification-bar.png
378,"Durkee-Mower Marshmallow Fluff,...",$2.49,No Sale,https://seasonskosher.com/Content/Images/ico-close-notification-bar.png
380,"Osem Bamba Peanut Snack, Family Pk,...",$6.49,No Sale,https://seasonskosher.com/Content/Images/ico-close-notification-bar.png
381,"Coca Cola Coke, Cherry Zero, 67.6 Oz",$1.99,No Sale,https://seasonskosher.com/Content/Images/ico-close-notification-bar.png
382,"Fiorella Cheese Tortellini, 16 Oz",$5.99,No Sale,https://seasonskosher.com/Content/Images/ico-close-notification-bar.png
383,Gmc Spelt Elbows 10 Oz,$4.89,No Sale,https://seasonskosher.com/Content/Images/ico-close-notification-bar.png
384,Tinkyada Pasta Fettucini 14 Oz,$6.29,No Sale,https://seasonskosher.com/Content/Images/ico-close-notification-bar.png
385,"Barilla Whole Grain Medium Shells, 16 Oz",$1.99,No Sale,https://seasonskosher.com/Content/Images/ico-close-notification-bar.png
386,"Barilla Mini Rigatoni, 16 Oz",$1.99,No Sale,https://seasonskosher.com/Content/Images/ico-close-notification-bar.png
387,"Barilla White Fiber Rotini, 12 Oz",$1.99,No Sale,https://seasonskosher.com/Content/Images/ico-close-notification-bar.png
388,"Tinkyada Shells Brown Rice, 16 Oz",$6.29,No Sale,https://seasonskosher.com/Content/Images/ico-close-notification-bar.png
389,"Tinkyada Penne Brown Pasta Org, 12 Oz",$6.29,No Sale,https://seasonskosher.com/Content/Images/ico-close-notification-bar.png
390,"Haddar Pasta Fettuccine, 16 Oz",$1.49,No Sale,https://seasonskosher.com/Content/Images/ico-close-notification-bar.png
391,"Tinkyada Lasagna Brown Rice Pasta, 10 Oz",$6.29,No Sale,https://seasonskosher.com/Content/Images/ico-close-notification-bar.png
392,"Gefen Orzo, 16 Oz",$2.29,No Sale,https://seasonskosher.com/Content/Images/ico-close-notification-bar.png
393,"Haddar Chow Mein Noodles, 10 Oz",$1.89,No Sale,https://seasonskosher.com/Content/Images/ico-close-notification-bar.png
394,"Glicks Mushrooms Stems & Pieces, 8...",$1.69,No Sale,https://seasonskosher.com/Content/Images/ico-close-notification-bar.png
395,"Lundberg Basmati Rice, White, 32 Oz",$4.49,No Sale,https://seasonskosher.com/Content/Images/ico-close-notification-bar.png
396,"Tomatoes Cherry On The Vine, 12 Oz",$4.99,No Sale,https://seasonskosher.com/Content/Images/ico-close-notification-bar.png
397,Eggplant,$1.59 / lb,No Sale,https://seasonskosher.com/Content/Images/ico-close-notification-bar.png
398,"Angel Potato Burekas, 16 Oz",$4.89,No Sale,https://seasonskosher.com/Content/Images/ico-close-notification-bar.png
399,"Gefen Chicken Noodle Soup No MSG, 2.3 Oz",$1.29,No Sale,https://seasonskosher.com/Content/Images/ico-close-notification-bar.png
400,"Tradition Noodle Soup Chicken, 2.5 Oz",$1.19,No Sale,https://seasonskosher.com/Content/Images/ico-close-notification-bar.png
401,"Tradition Ramen Noodle Soup, Chicken Flavor,...",$0.69,No Sale,https://seasonskosher.com/Content/Images/ico-close-notification-bar.png
402,"Tradition Instant Noodle Soup, Chicken Flavor,...",$1.19,No Sale,https://seasonskosher.com/Content/Images/ico-close-notification-bar.png
403,"Gefen Instant Noodle Soup, Vegetable...",$1.69,No Sale,https://seasonskosher.com/Content/Images/ico-close-notification-bar.png
404,"Gefen Instant Noodle Soup, Chicken Flavor,...",$1.69,No Sale,https://seasonskosher.com/Content/Images/ico-close-notification-bar.png
405,"Gefen Instant Noodle Soup, Chicken Flavor,...",$1.49,No Sale,https://seasonskosher.com/Content/Images/ico-close-notification-bar.png
407,"Tradition Ramen Noodle Soup, Oriental Flavor,...",$0.69,No Sale,https://seasonskosher.com/Content/Images/ico-close-notification-bar.png
408,"Gefen Instant Noodle Soup, Vegetable...",$1.49,No Sale,https://seasonskosher.com/Content/Images/ico-close-notification-bar.png
409,"Tradition Instant French Onion Soup, 1.23 Oz",$1.29,No Sale,https://seasonskosher.com/Content/Images/ico-close-notification-bar.png
410,"Tradition Instant Noodle Soup, Tomato Beef,...",$1.19,No Sale,https://seasonskosher.com/Content/Images/ico-close-notification-bar.png
411,"Tradition Instant Chicken Soup G/F,...",$1.49,No Sale,https://seasonskosher.com/Content/Images/ico-close-notification-bar.png
412,"Tradition Instant Noodle Soup, Beef Flavor, 2.5...",$1.19,No Sale,https://seasonskosher.com/Content/Images/ico-close-notification-bar.png
413,"Idahoan Mashed Potatoes, 13.75 Oz",$2.49,No Sale,https://seasonskosher.com/Content/Images/ico-close-notification-bar.png
414,"Tradition Instant Noodle Soup, Hot & Spicy...",$1.29,No Sale,https://seasonskosher.com/Content/Images/ico-close-notification-bar.png
415,"Tradition Instant Noodle Soup, Chicken Flavor,...",$1.29,No Sale,https://seasonskosher.com/Content/Images/ico-close-notification-bar.png
416,"Gefen Brown Rice Noodles, Chicken...",$2.49,No Sale,https://seasonskosher.com/Content/Images/ico-close-notification-bar.png
417,Gefen Brown Rice Mushroom-Onion...,$2.49,No Sale,https://seasonskosher.com/Content/Images/ico-close-notification-bar.png
418,"Pereg Bulgur, 16 Oz",$2.99,No Sale,https://seasonskosher.com/Content/Images/ico-close-notification-bar.png
419,"Tradition Chicken Soup, With Mini Mandel,...",$1.19,No Sale,https://seasonskosher.com/Content/Images/ico-close-notification-bar.png
420,"Lieber's Instant Mashed Potatoes, 12 Oz",$4.29,No Sale,https://seasonskosher.com/Content/Images/ico-close-notification-bar.png
421,"Lieber's Instant Mashed Potatoes-Chicke, 5.75...",$2.99,No Sale,https://seasonskosher.com/Content/Images/ico-close-notification-bar.png
422,"Minsley Cooked White Rice, Organic, 7.04 Oz",$2.29,No Sale,https://seasonskosher.com/Content/Images/ico-close-notification-bar.png
423,"Green Emerald Grapes, Bunch",$3.99 / lb,No Sale,https://seasonskosher.com/Content/Images/ico-close-notification-bar.png
426,"Haolam Shredded Mozzarella Cheese,...",$3.99,No Sale,https://seasonskosher.com/Content/Images/ico-close-notification-bar.png
427,"Mehadrin Yo Smart Strawberry, 3.5 Oz",$1.19,No Sale,https://seasonskosher.com/Content/Images/ico-close-notification-bar.png
428,"Eggs, Organic White Large, 12 Ct",$4.49,No Sale,https://seasonskosher.com/Content/Images/ico-close-notification-bar.png
431,Macabee Bagl Pizza 18 Pk,$9.99,No Sale,https://seasonskosher.com/Content/Images/ico-close-notification-bar.png
432,Arnold Classic Whole Wheat...,$2.49,No Sale,https://seasonskosher.com/Content/Images/ico-close-notification-bar.png
433,"Manischewitz Vegetable Broth, 32 Oz",$2.89,No Sale,https://seasonskosher.com/Content/Images/ico-close-notification-bar.png
434,"Manischewitz Beef Broth, 32 Oz",$2.89,No Sale,https://seasonskosher.com/Content/Images/ico-close-notification-bar.png
435,"Tabatchnick Vegetable Broth, Garden Fresh,...",$2.49,No Sale,https://seasonskosher.com/Content/Images/ico-close-notification-bar.png
436,"Imagine Foods Vegetable Broth,...",$4.79,No Sale,https://seasonskosher.com/Content/Images/ico-close-notification-bar.png
437,"Osem Onion Soup Mix, 14.1 Oz",$6.89,No Sale,https://seasonskosher.com/Content/Images/ico-close-notification-bar.png
438,"Kemach Minestrone Soup Mix, 5 Oz",$1.39,No Sale,https://seasonskosher.com/Content/Images/ico-close-notification-bar.png
439,"Manischewitz Soup Mix, Split Pea, 6 Oz",$1.89,No Sale,https://seasonskosher.com/Content/Images/ico-close-notification-bar.png
440,"Osem Soup Mix, Beef Flavor, 14.1 Oz",$6.49,No Sale,https://seasonskosher.com/Content/Images/ico-close-notification-bar.png
441,Imagine Foods Organic Butternut Squash...,$4.79,No Sale,https://seasonskosher.com/Content/Images/ico-close-notification-bar.png
442,"Imagine Foods Organic Mushroom Soup, 32 Oz",$4.79,No Sale,https://seasonskosher.com/Content/Images/ico-close-notification-bar.png
443,"Goodman's Onion Soup & Dip Mix, Low...",$2.29,No Sale,https://seasonskosher.com/Content/Images/ico-close-notification-bar.png
444,"Lipton Soup & Dip Mix, Onion, 1.9 Oz",$2.69,No Sale,https://seasonskosher.com/Content/Images/ico-close-notification-bar.png
445,"Sprite Zero, 2 Liter",$1.99,No Sale,https://seasonskosher.com/Content/Images/ico-close-notification-bar.png
448,"Ner Mitzva Colored Candles Chanukah,...",$0.69,No Sale,https://seasonskosher.com/Content/Images/ico-close-notification-bar.png
449,"Apples, McIntosh",$0.99 / lb,No Sale,https://seasonskosher.com/Content/Images/ico-close-notification-bar.png
450,"Imagine Foods Chicken Broth, Organic, 32 Oz",$4.79,No Sale,https://seasonskosher.com/Content/Images/ico-close-notification-bar.png
451,"Imagine Foods Organic Garden Tomato Soup,...",$4.79,No Sale,https://seasonskosher.com/Content/Images/ico-close-notification-bar.png
452,"Goodman's Noodleman Noodle Soup Mix, 4 Oz",$2.29,No Sale,https://seasonskosher.com/Content/Images/ico-close-notification-bar.png
453,"Kedem Soup Mix Cello Minestrone, 6 Oz",$1.49,No Sale,https://seasonskosher.com/Content/Images/ico-close-notification-bar.png
454,"Telma Soup Cubes Beef, 3 Ct",$1.39,No Sale,https://seasonskosher.com/Content/Images/ico-close-notification-bar.png
455,"Empire Chicken Broth L/S Org, 32 Oz",$3.79,No Sale,https://seasonskosher.com/Content/Images/ico-close-notification-bar.png
456,"Empire Potato Leek Soup Org, 32 Oz",$3.79,No Sale,https://seasonskosher.com/Content/Images/ico-close-notification-bar.png
457,Telma Soup Cubes Chicken Reduced...,$1.29,No Sale,https://seasonskosher.com/Content/Images/ico-close-notification-bar.png
458,"Telma Soup Cubes Chicken 3 Oz, 3 Pack",$1.29,No Sale,https://seasonskosher.com/Content/Images/ico-close-notification-bar.png
459,"Kedem Soup Mix Cello Split Pea, 6 Oz",$1.49,No Sale,https://seasonskosher.com/Content/Images/ico-close-notification-bar.png
461,"Imagine Foods Soup, Garden Broccoli,...",$4.79,No Sale,https://seasonskosher.com/Content/Images/ico-close-notification-bar.png
464,"Pardes Broccoli Florets, 24 Oz",$6.49,No Sale,https://seasonskosher.com/Content/Images/ico-close-notification-bar.png
466,"Sprite, 2 Ltr",$1.99,No Sale,https://seasonskosher.com/Content/Images/ico-close-notification-bar.png
467,"Imagine Foods No-Chicken Broth,...",$4.79,No Sale,https://seasonskosher.com/Content/Images/ico-close-notification-bar.png
468,"Manischewitz Soup Mix, Four Bean",$1.89,No Sale,https://seasonskosher.com/Content/Images/ico-close-notification-bar.png
469,"Imagine Foods Organic Potato Leek Soup, 32 Oz",$4.79,No Sale,https://seasonskosher.com/Content/Images/ico-close-notification-bar.png
470,"Lieber's Onion Soup Mix & Instant Onion Dip,...",$1.99,No Sale,https://seasonskosher.com/Content/Images/ico-close-notification-bar.png
471,"Lieber's Consomme, Chicken Flavor, 14 Oz",$4.49,No Sale,https://seasonskosher.com/Content/Images/ico-close-notification-bar.png
472,"Kemach Vegetable Soup With Mushrooms, 6 Oz",$1.29,No Sale,https://seasonskosher.com/Content/Images/ico-close-notification-bar.png
473,"Manischewitz Chicken Consomme',...",$2.39,No Sale,https://seasonskosher.com/Content/Images/ico-close-notification-bar.png
474,"Lieber's Consomme, Beef Flavor, 14 Oz, Kp",$4.99,No Sale,https://seasonskosher.com/Content/Images/ico-close-notification-bar.png
475,Empire Organic Homestyle Tomato...,$3.79,No Sale,https://seasonskosher.com/Content/Images/ico-close-notification-bar.png
476,"Imagine Miso Broth Organic, 32 Oz",$4.79,No Sale,https://seasonskosher.com/Content/Images/ico-close-notification-bar.png
477,"Empire Vegetable Broth L/S Org, 32 Oz",$3.79,No Sale,https://seasonskosher.com/Content/Images/ico-close-notification-bar.png
478,"Telma Soup Cubes Chicken Flavor, 3 Ct",$1.29,No Sale,https://seasonskosher.com/Content/Images/ico-close-notification-bar.png
479,"Tropicana Healthy Kids Orange Juice,...",$4.49,No Sale,https://seasonskosher.com/Content/Images/ico-close-notification-bar.png
480,"Bodek Mixed Salad, 16 Oz",$4.69 / each,No Sale,https://seasonskosher.com/Content/Images/ico-close-notification-bar.png
481,"Say Cheese Marble Cheese Cake Diet,...",$3.99,No Sale,https://seasonskosher.com/Content/Images/ico-close-notification-bar.png
484,Natural Earth Nat Earth Products Chicken...,$3.79,No Sale,https://seasonskosher.com/Content/Images/ico-close-notification-bar.png
485,Manischewi Empire Chicken Broth Red...,$3.99,No Sale,https://seasonskosher.com/Content/Images/ico-close-notification-bar.png
486,"Galil Noodle Soup Oriental, 2.29 Oz",$1.19,No Sale,https://seasonskosher.com/Content/Images/ico-close-notification-bar.png
487,"Kedem Soup Mix Vegetable, 6 Oz",$1.49,No Sale,https://seasonskosher.com/Content/Images/ico-close-notification-bar.png
488,"Lipton Chicken Soup Mix, 14 Oz",$5.99,No Sale,https://seasonskosher.com/Content/Images/ico-close-notification-bar.png
489,Lipton Chicken Consomme Low...,$6.49,No Sale,https://seasonskosher.com/Content/Images/ico-close-notification-bar.png
490,"G Washington's Golden Seasoning & Broth, 1 Oz",$2.29,No Sale,https://seasonskosher.com/Content/Images/ico-close-notification-bar.png
491,"Empire Soup Butternut Squash Org, 32 Oz",$3.79,No Sale,https://seasonskosher.com/Content/Images/ico-close-notification-bar.png
492,Richfield Gardens Garden Vegetable...,$5.49,No Sale,https://seasonskosher.com/Content/Images/ico-close-notification-bar.png
493,"Pereg Soup Mix, 16 Oz",$2.69,No Sale,https://seasonskosher.com/Content/Images/ico-close-notification-bar.png
494,"Knorr Tomato Soup With Croutons Two Pack, 2...",$3.19,No Sale,https://seasonskosher.com/Content/Images/ico-close-notification-bar.png
495,Knorr Tomato Rice Soup,$3.99,No Sale,https://seasonskosher.com/Content/Images/ico-close-notification-bar.png
500,"Kitchen Collect Clear Forks Deluxe,...",$1.99,No Sale,https://seasonskosher.com/Content/Images/ico-close-notification-bar.png
502,"Rich's Non-Dairy Topping Rich Whip,...",$0.79,No Sale,https://seasonskosher.com/Content/Images/ico-close-notification-bar.png
505,"Vintage Seltzer, Original, 33.8 Oz,",$0.89,No Sale,https://seasonskosher.com/Content/Images/ico-close-notification-bar.png
506,"Pereg Ground Cumin, 400 G",$3.99,No Sale,https://seasonskosher.com/Content/Images/ico-close-notification-bar.png
507,"Lieber's Everything Mix, 8.5 Oz",$4.29,No Sale,https://seasonskosher.com/Content/Images/ico-close-notification-bar.png
508,"Lieber's Black Pepper, 3 Oz, Kp",$2.59,No Sale,https://seasonskosher.com/Content/Images/ico-close-notification-bar.png
509,"Gefen Onion Powder, 8 Oz",$5.69,No Sale,https://seasonskosher.com/Content/Images/ico-close-notification-bar.png
510,"Pereg Mixed Spices, for Soup",$3.99,No Sale,https://seasonskosher.com/Content/Images/ico-close-notification-bar.png
511,"Pereg Mixed Spices, Grilled Chicken",$3.99,No Sale,https://seasonskosher.com/Content/Images/ico-close-notification-bar.png
512,Pereg Sweet Red Paprika,$3.99,No Sale,https://seasonskosher.com/Content/Images/ico-close-notification-bar.png
513,Gefen Basil,$1.49,No Sale,https://seasonskosher.com/Content/Images/ico-close-notification-bar.png
514,"Lieber's Turmeric Spice, 2 Oz",$1.69,No Sale,https://seasonskosher.com/Content/Images/ico-close-notification-bar.png
515,"Lieber's Cinnamon Sticks, 1 Oz, Kp",$1.69,No Sale,https://seasonskosher.com/Content/Images/ico-close-notification-bar.png
516,Spice Time Garlic Powder,$1.79,No Sale,https://seasonskosher.com/Content/Images/ico-close-notification-bar.png
517,"Pereg Sweet Red Paprika, 3.5 Oz",$3.99,No Sale,https://seasonskosher.com/Content/Images/ico-close-notification-bar.png
518,"Norman's Taste Vanilla, 5 Oz",$0.59,No Sale,https://seasonskosher.com/Content/Images/ico-close-notification-bar.png
519,"Williamsburg Pickles, Sour, 30 Oz",$5.29,No Sale,https://seasonskosher.com/Content/Images/ico-close-notification-bar.png
521,"Pereg Bread Crumbs, Classic,...",$3.79,No Sale,https://seasonskosher.com/Content/Images/ico-close-notification-bar.png
523,"Pereg Cinnamon, Ground, 4.2 Oz",$3.99,No Sale,https://seasonskosher.com/Content/Images/ico-close-notification-bar.png
524,"Pereg Ground Ginger, 10.6 Oz",$3.99,No Sale,https://seasonskosher.com/Content/Images/ico-close-notification-bar.png
525,"Pereg Dry Basil, 1.4 Oz",$3.99,No Sale,https://seasonskosher.com/Content/Images/ico-close-notification-bar.png
526,"Pereg Oregano Spice, 1.76 Oz",$3.99,No Sale,https://seasonskosher.com/Content/Images/ico-close-notification-bar.png
527,Pereg Whole Dill,$3.99,No Sale,https://seasonskosher.com/Content/Images/ico-close-notification-bar.png
528,"Spice Time Chili Powder, 4 Oz",$0.99,No Sale,https://seasonskosher.com/Content/Images/ico-close-notification-bar.png
529,Pereg White Pepper Powder,$5.49,No Sale,https://seasonskosher.com/Content/Images/ico-close-notification-bar.png
530,"Gefen Cumin, 2.12 oz",$1.69,No Sale,https://seasonskosher.com/Content/Images/ico-close-notification-bar.png
531,"Gefen Dill Weed, 1.05 Oz",$1.49,No Sale,https://seasonskosher.com/Content/Images/ico-close-notification-bar.png
532,Lantev Spicetime Coriander Grnd,$0.99,No Sale,https://seasonskosher.com/Content/Images/ico-close-notification-bar.png
533,"Spice Time Natural Paprika, 4 Oz",$1.29,No Sale,https://seasonskosher.com/Content/Images/ico-close-notification-bar.png
534,"Ortega Taco Seasoning Mix Low Sodium, 4.3 Oz",$2.99,No Sale,https://seasonskosher.com/Content/Images/ico-close-notification-bar.png
535,"Sabra Hummus Roasted Garlic, 10...",$3.49,No Sale,https://seasonskosher.com/Content/Images/ico-close-notification-bar.png
536,"Macabee Pizza Pie 3 Pack, 9.25 Oz",$4.29,No Sale,https://seasonskosher.com/Content/Images/ico-close-notification-bar.png
540,"Lieber's Poppy Seeds, 9 Oz",$3.99,No Sale,https://seasonskosher.com/Content/Images/ico-close-notification-bar.png
541,"Lieber's Cinnamon, 2.47 Oz, Kp",$1.69,No Sale,https://seasonskosher.com/Content/Images/ico-close-notification-bar.png
542,"Lieber's Minced Onion, 1.6 Oz, Kp",$1.69,No Sale,https://seasonskosher.com/Content/Images/ico-close-notification-bar.png
543,"Lieber's Oregano, 1 Oz",$1.69,No Sale,https://seasonskosher.com/Content/Images/ico-close-notification-bar.png
544,"Gefen Crushed Red Pepper, 2.12 Oz",$1.49,No Sale,https://seasonskosher.com/Content/Images/ico-close-notification-bar.png
545,"Gefen Paprika, 8 Oz",$5.99,No Sale,https://seasonskosher.com/Content/Images/ico-close-notification-bar.png
546,"Bone Suckin' Seasoning & Rub, 5.8 Oz",$4.99,No Sale,https://seasonskosher.com/Content/Images/ico-close-notification-bar.png
547,"Pereg Ground Coriander, 4.2 Oz",$3.99,No Sale,https://seasonskosher.com/Content/Images/ico-close-notification-bar.png
548,"Pereg Fish Dishes Mixed Spices, 4.2 Oz",$3.99,No Sale,https://seasonskosher.com/Content/Images/ico-close-notification-bar.png
549,"Pereg Mixed Spices for BBQ, 4.2 Oz",$3.99,No Sale,https://seasonskosher.com/Content/Images/ico-close-notification-bar.png
550,"Ortega Fajita Seasoning Mix, 1.25 Oz",$1.29,No Sale,https://seasonskosher.com/Content/Images/ico-close-notification-bar.png
551,"Pereg Cayenne Pepper Ground, 4.2 Oz",$3.99,No Sale,https://seasonskosher.com/Content/Images/ico-close-notification-bar.png
552,Fancy Gala Apples,$1.49 / lb,No Sale,https://seasonskosher.com/Content/Images/ico-close-notification-bar.png
553,"Lieber's Animal Crackers, 13 Oz",$3.49,No Sale,https://seasonskosher.com/Content/Images/ico-close-notification-bar.png
555,"Bananas Bunch, Dole",$0.79 / lb,No Sale,https://seasonskosher.com/Content/Images/ico-close-notification-bar.png
556,"Haolam American Cheese 108 White,...",$16.99,No Sale,https://seasonskosher.com/Content/Images/ico-close-notification-bar.png
557,"Pereg Baharat For Kobe, 5 Oz",$5.79,No Sale,https://seasonskosher.com/Content/Images/ico-close-notification-bar.png
558,"Pereg Rosemary Herbs, 1.76 Oz",$3.99,No Sale,https://seasonskosher.com/Content/Images/ico-close-notification-bar.png
559,"Pereg Classic Black Pepper, Ground, 4.2 Oz",$4.69,No Sale,https://seasonskosher.com/Content/Images/ico-close-notification-bar.png
560,"Pereg Mixed Spices, Jerusalem",$3.99,No Sale,https://seasonskosher.com/Content/Images/ico-close-notification-bar.png
561,Pereg Ground Garlic,$3.99,No Sale,https://seasonskosher.com/Content/Images/ico-close-notification-bar.png
562,Pereg Thyme,$3.99,No Sale,https://seasonskosher.com/Content/Images/ico-close-notification-bar.png
563,Pereg Onion Powder,$3.99,No Sale,https://seasonskosher.com/Content/Images/ico-close-notification-bar.png
564,Pereg Indian Curry,$3.99,No Sale,https://seasonskosher.com/Content/Images/ico-close-notification-bar.png
565,"Spice Time Nutmeg Ground, 1.25 Oz",$2.19,No Sale,https://seasonskosher.com/Content/Images/ico-close-notification-bar.png
566,"Spice Time Thyme Leaves, 1.5 Oz",$0.99,No Sale,https://seasonskosher.com/Content/Images/ico-close-notification-bar.png
567,"Gefen Paprika, 16 Oz",$8.49,No Sale,https://seasonskosher.com/Content/Images/ico-close-notification-bar.png
568,Latev Spicetime Cayenne Pepper 3Oz,$0.99,No Sale,https://seasonskosher.com/Content/Images/ico-close-notification-bar.png
569,"Lieber's Real Chocolate Chips,...",$2.69,No Sale,https://seasonskosher.com/Content/Images/ico-close-notification-bar.png
572,"Wise Potato Chips Golden Original,...",$1.00,No Sale,https://seasonskosher.com/Content/Images/ico-close-notification-bar.png
573,"Yerek Green Beans, 16 Oz",$1.99,No Sale,https://seasonskosher.com/Content/Images/ico-close-notification-bar.png
574,"Spice Time Curry Powder, 3 Oz",$0.99,No Sale,https://seasonskosher.com/Content/Images/ico-close-notification-bar.png
575,"Gefen Cayenne Pepper, 2.47 Oz",$1.99,No Sale,https://seasonskosher.com/Content/Images/ico-close-notification-bar.png
576,"Mc Cormick Ground Mustard, 1.75 Oz",$3.99,No Sale,https://seasonskosher.com/Content/Images/ico-close-notification-bar.png
577,"Polaner Crushed Garlic, 4.5 Oz",$2.49,No Sale,https://seasonskosher.com/Content/Images/ico-close-notification-bar.png
578,"Spice Time Cinnamon Sugar, 5.5 Oz",$1.19,No Sale,https://seasonskosher.com/Content/Images/ico-close-notification-bar.png
579,"Pereg Turmeric Ground, 5.3 Oz",$3.99,No Sale,https://seasonskosher.com/Content/Images/ico-close-notification-bar.png
580,McCormick Garlic Powder,$5.29,No Sale,https://seasonskosher.com/Content/Images/ico-close-notification-bar.png
581,Gefen Poppy Seeds,$2.49,No Sale,https://seasonskosher.com/Content/Images/ico-close-notification-bar.png
582,"Pereg Panko Thai Sweet Chili, 9 Oz",$3.99,No Sale,https://seasonskosher.com/Content/Images/ico-close-notification-bar.png
583,"Ortega Taco Seasoning Mix, 4.3 Oz",$2.99,No Sale,https://seasonskosher.com/Content/Images/ico-close-notification-bar.png
584,"Spice Time Onion Powder, 2.5 Oz",$0.99,No Sale,https://seasonskosher.com/Content/Images/ico-close-notification-bar.png
585,"Lawry's The Original Seasoned Salt, 8 Oz",$2.69,No Sale,https://seasonskosher.com/Content/Images/ico-close-notification-bar.png
586,Simcha Collection Containers 16 Oz...,$1.99,No Sale,https://seasonskosher.com/Content/Images/ico-close-notification-bar.png
589,"Ronzoni Rotini, 16 Oz",$1.99,No Sale,https://seasonskosher.com/Content/Images/ico-close-notification-bar.png
591,Spice Time Parsley Flakes,$0.99,No Sale,https://seasonskosher.com/Content/Images/ico-close-notification-bar.png
592,Mc Cormick Mc*Cormick Black...,$4.69,No Sale,https://seasonskosher.com/Content/Images/ico-close-notification-bar.png
593,"Gefen Italian Seasoning, 1 Oz",$1.49,No Sale,https://seasonskosher.com/Content/Images/ico-close-notification-bar.png
594,Lantev Spicetime Cinnamon Sticks,$0.99,No Sale,https://seasonskosher.com/Content/Images/ico-close-notification-bar.png
595,Lantev Spicetime Cumin Ground,$0.99,No Sale,https://seasonskosher.com/Content/Images/ico-close-notification-bar.png
596,"Gefen Onion Salt, 5.5 Oz",$1.09,No Sale,https://seasonskosher.com/Content/Images/ico-close-notification-bar.png
597,"Spice Time Allspice Ground, 3 Oz",$0.99,No Sale,https://seasonskosher.com/Content/Images/ico-close-notification-bar.png
598,"Polaner Garlic Chopped, 4.5 Oz",$3.99,No Sale,https://seasonskosher.com/Content/Images/ico-close-notification-bar.png
599,"McCormick Grill Mates Montreal Chicken,...",$2.19,No Sale,https://seasonskosher.com/Content/Images/ico-close-notification-bar.png
600,"Mc Cormick Pumpkin Pie Spice, 1.12 Oz",$5.99,No Sale,https://seasonskosher.com/Content/Images/ico-close-notification-bar.png
601,Mc Cormick Grill Mates Montreal Steak...,$2.99,No Sale,https://seasonskosher.com/Content/Images/ico-close-notification-bar.png
602,Spicetime Sage Ground,$0.99,No Sale,https://seasonskosher.com/Content/Images/ico-close-notification-bar.png
603,"Kedem Grape Juice, Light Concord, 64...",$6.49,No Sale,https://seasonskosher.com/Content/Images/ico-close-notification-bar.png
605,"Yitzy's Pancake Batter (Dairy), 32 Oz",$6.99,No Sale,https://seasonskosher.com/Content/Images/ico-close-notification-bar.png
606,"Gefilte Fish, 20 Oz",$5.99,No Sale,https://seasonskosher.com/Content/Images/ico-close-notification-bar.png
607,"Pardes Broccoli Chopped, 24 Oz",$5.29,No Sale,https://seasonskosher.com/Content/Images/ico-close-notification-bar.png
608,"McCormick Black Pepper Corn Grinder, 1...",$2.49,No Sale,https://seasonskosher.com/Content/Images/ico-close-notification-bar.png
609,"Spice Time Onion Minced, 2.63 Oz",$0.99,No Sale,https://seasonskosher.com/Content/Images/ico-close-notification-bar.png
610,Lantev Spicetime Bay Leaves,$0.99,No Sale,https://seasonskosher.com/Content/Images/ico-close-notification-bar.png
611,Mccormick Ground Ginger,$2.59,No Sale,https://seasonskosher.com/Content/Images/ico-close-notification-bar.png
612,Lantev Spicetime Cinnamon Ground,$0.99,No Sale,https://seasonskosher.com/Content/Images/ico-close-notification-bar.png
613,"Spice Time Garlic Salt, 8 Oz",$1.29,No Sale,https://seasonskosher.com/Content/Images/ico-close-notification-bar.png
614,"Spice Time Ginger Ground, 1.75 Oz",$0.99,No Sale,https://seasonskosher.com/Content/Images/ico-close-notification-bar.png
615,"Spice Time Pickling Spice, 2.25 Oz",$1.29,No Sale,https://seasonskosher.com/Content/Images/ico-close-notification-bar.png
616,"Spice Time Basil Leaves, 1 Oz",$0.99,No Sale,https://seasonskosher.com/Content/Images/ico-close-notification-bar.png
617,"Gefen Garlic Powder, 16 Oz",$11.99,No Sale,https://seasonskosher.com/Content/Images/ico-close-notification-bar.png
618,"Lawrys Garlic Salt, 3 Oz",$2.59,No Sale,https://seasonskosher.com/Content/Images/ico-close-notification-bar.png
619,Mccormick Gourmet Organic Cracked Black...,$5.69,No Sale,https://seasonskosher.com/Content/Images/ico-close-notification-bar.png
620,"Tropicana Orange Juice Calcium, 89 Oz",$6.49,No Sale,https://seasonskosher.com/Content/Images/ico-close-notification-bar.png
621,"Basix Plastic Bowls, 100 Ct",$3.49,No Sale,https://seasonskosher.com/Content/Images/ico-close-notification-bar.png
625,"Spicetime Ground Cloves, 1.25 Oz",$1.99,No Sale,https://seasonskosher.com/Content/Images/ico-close-notification-bar.png
626,"Mc Cormick Rosemary Leaves, 0.35 Oz",$3.29,No Sale,https://seasonskosher.com/Content/Images/ico-close-notification-bar.png
627,Mc Cormick Mc*Cormick Ground...,$2.99,No Sale,https://seasonskosher.com/Content/Images/ico-close-notification-bar.png
628,"Mc Cormick Chili Powder, 2.5 Oz",$2.59,No Sale,https://seasonskosher.com/Content/Images/ico-close-notification-bar.png
629,"Mc Cormick Cinnamon Ground, 2.37 Oz",$2.89,No Sale,https://seasonskosher.com/Content/Images/ico-close-notification-bar.png
630,"Mc Cormick Cinnamon Sugar, 3.62 Oz",$2.99,No Sale,https://seasonskosher.com/Content/Images/ico-close-notification-bar.png
631,"Mc Cormick Paprika, 2.12 Oz",$3.29,No Sale,https://seasonskosher.com/Content/Images/ico-close-notification-bar.png
632,"Mc Cormick Onion Powder, 2.62 Oz",$3.69,No Sale,https://seasonskosher.com/Content/Images/ico-close-notification-bar.png
633,Mc Cormick Rubbed Sage,$4.49,No Sale,https://seasonskosher.com/Content/Images/ico-close-notification-bar.png
635,"Tierra Sur Verde Spice Rub, 6 Oz",$6.49,No Sale,https://seasonskosher.com/Content/Images/ico-close-notification-bar.png
636,"Spice Time Black Pepper, Ground, 2 Oz",$2.29,No Sale,https://seasonskosher.com/Content/Images/ico-close-notification-bar.png
638,"Lieber's Duplex Cremes, Sandwich...",$3.29,No Sale,https://seasonskosher.com/Content/Images/ico-close-notification-bar.png
639,"Oronoque Pie Crust 9"" Deep Dish, 2 Ct",$3.79,No Sale,https://seasonskosher.com/Content/Images/ico-close-notification-bar.png
641,Tree Ripe Orange Juice,$2.99,No Sale,https://seasonskosher.com/Content/Images/ico-close-notification-bar.png
642,Green Zucchini Squash,$0.99 / lb,No Sale,https://seasonskosher.com/Content/Images/ico-close-notification-bar.png
644,"Post Fruity Pebbles, 11 Oz",$5.00,No Sale,https://seasonskosher.com/Content/Images/ico-close-notification-bar.png
645,"Paskesz Sour Sticks, Raspberry, 3.5 Oz",$2.19,No Sale,https://seasonskosher.com/Content/Images/ico-close-notification-bar.png
646,"Stonyfield Whole Milk Organic, 64 Oz",$5.69,No Sale,https://seasonskosher.com/Content/Images/ico-close-notification-bar.png
647,"Absolutely Gluten Free Flatbread, Original,...",$5.59,No Sale,https://seasonskosher.com/Content/Images/ico-close-notification-bar.png
648,"Paskesz Melba Toast, Original, 7 Oz",$3.99,No Sale,https://seasonskosher.com/Content/Images/ico-close-notification-bar.png
649,"Lieber's Snackers, Unsalted, 12 Oz",$3.69,No Sale,https://seasonskosher.com/Content/Images/ico-close-notification-bar.png
650,"Kedem Whole Wheat Crackers, Plain, 9 Oz",$2.39,No Sale,https://seasonskosher.com/Content/Images/ico-close-notification-bar.png
651,"Manischewitz Tam Tams, Garlic, 9.6 Oz",$3.49,No Sale,https://seasonskosher.com/Content/Images/ico-close-notification-bar.png
652,"Wasa Crispbread, Sourdough, 9.7 Oz",$2.69,No Sale,https://seasonskosher.com/Content/Images/ico-close-notification-bar.png
653,"Kemach Flat Bread, Sesame, 5 Oz",$2.29,No Sale,https://seasonskosher.com/Content/Images/ico-close-notification-bar.png
654,"Pita Bites, Garlic & Chive, 5 Oz",$3.19,No Sale,https://seasonskosher.com/Content/Images/ico-close-notification-bar.png
655,"Paskesz Melba Toast, Whole Wheat, 7 Oz",$3.99,No Sale,https://seasonskosher.com/Content/Images/ico-close-notification-bar.png
656,"Paskesz Melba Toast, Multigrain, 7 Oz",$3.99,No Sale,https://seasonskosher.com/Content/Images/ico-close-notification-bar.png
657,"Wasa Crispbread, Flax Seed, 7.6 Oz",$2.69,No Sale,https://seasonskosher.com/Content/Images/ico-close-notification-bar.png
658,"Wasa Crispbread, Light Rye, 9.5 Oz",$2.69,No Sale,https://seasonskosher.com/Content/Images/ico-close-notification-bar.png
661,Farms Creamery Unsalted...,$1.29,No Sale,https://seasonskosher.com/Content/Images/ico-close-notification-bar.png
663,"Hunt's Tomato Paste, 6 Oz",$0.99,No Sale,https://seasonskosher.com/Content/Images/ico-close-notification-bar.png
664,"Lieber's Honey Graham Crackers, Lowfat, 16 Oz",$4.49,No Sale,https://seasonskosher.com/Content/Images/ico-close-notification-bar.png
665,"Shneider's Yo! Crackers Mix, 12.3 Oz",$3.49,No Sale,https://seasonskosher.com/Content/Images/ico-close-notification-bar.png
666,"Nabisco Saltine Crackers, Original, 16...",$3.99,No Sale,https://seasonskosher.com/Content/Images/ico-close-notification-bar.png
667,"Wasa Crispbread, Fiber, 8.8 Oz",$2.69,No Sale,https://seasonskosher.com/Content/Images/ico-close-notification-bar.png
668,"Shneider's Toast Rounds Original, 40 Ct",$3.69,No Sale,https://seasonskosher.com/Content/Images/ico-close-notification-bar.png
669,"Devonsheer Melba Rounds, Classic, 5.25...",$2.79,No Sale,https://seasonskosher.com/Content/Images/ico-close-notification-bar.png
670,"Shibolim Crisp Snax, Whole Spelt, Original,...",$4.39,No Sale,https://seasonskosher.com/Content/Images/ico-close-notification-bar.png
671,"Devonsheer Melba Rounds, Garlic, 5.25 Oz",$2.79,No Sale,https://seasonskosher.com/Content/Images/ico-close-notification-bar.png
672,"New York Style Bagel Crisps Plain, 7.2 Oz",$2.99,No Sale,https://seasonskosher.com/Content/Images/ico-close-notification-bar.png
673,"Shibolim Crisp Cracker, Whole Wheat, 6 Oz",$2.99,No Sale,https://seasonskosher.com/Content/Images/ico-close-notification-bar.png
674,"Mary's Crackers, Herb, 6.5 Oz",$5.99,No Sale,https://seasonskosher.com/Content/Images/ico-close-notification-bar.png
675,"Osem Cream Crackers, 8.1 Oz",$2.79,No Sale,https://seasonskosher.com/Content/Images/ico-close-notification-bar.png
677,"Pride Of The Farm Lowfat Milk, 64 Oz",$2.99,No Sale,https://seasonskosher.com/Content/Images/ico-close-notification-bar.png
680,Natural & Kosher Muenster Cheese...,$4.59,No Sale,https://seasonskosher.com/Content/Images/ico-close-notification-bar.png
681,Osem Wheaten Crackers. 8.8 Oz,$2.79,No Sale,https://seasonskosher.com/Content/Images/ico-close-notification-bar.png
682,"Limber's Snackers, Whole Wheat, 10.5 Oz",$3.69,No Sale,https://seasonskosher.com/Content/Images/ico-close-notification-bar.png
683,"Shibolim K'nockers, Whole Wheat, Unsalted",$3.29,No Sale,https://seasonskosher.com/Content/Images/ico-close-notification-bar.png
684,"Shibolim K'nockers, Whole Spelt, Unsalted,...",$4.49,No Sale,https://seasonskosher.com/Content/Images/ico-close-notification-bar.png
685,"Devonsheer Melba Rounds, Sesame, 5.25...",$2.79,No Sale,https://seasonskosher.com/Content/Images/ico-close-notification-bar.png
686,"Kedem Whole Wheat Crackers, With Garlic...",$2.39,No Sale,https://seasonskosher.com/Content/Images/ico-close-notification-bar.png
687,"Paskesz Breadsticks, Garlic, 4.41 Oz",$2.19,No Sale,https://seasonskosher.com/Content/Images/ico-close-notification-bar.png
688,"Lieber's Saltines, Original Style, 16 Oz",$3.79,No Sale,https://seasonskosher.com/Content/Images/ico-close-notification-bar.png
689,"Shneider's Melba Toast Original, 3.5 Oz",$1.79,No Sale,https://seasonskosher.com/Content/Images/ico-close-notification-bar.png
690,"Lotus Caramelised Biscuit, 8.81 Oz",$5.69,No Sale,https://seasonskosher.com/Content/Images/ico-close-notification-bar.png
691,"Menko Gourment Egg Kichel, 13 Oz",$8.49,No Sale,https://seasonskosher.com/Content/Images/ico-close-notification-bar.png
692,"Shneider's Yo! Crackers Round, 12.3 Oz",$3.49,No Sale,https://seasonskosher.com/Content/Images/ico-close-notification-bar.png
698,Paskesz Traditional Italian Breadsticks...,$2.19,No Sale,https://seasonskosher.com/Content/Images/ico-close-notification-bar.png
699,"Shneider's Melba Toast Whole Grain, 3.5 Oz",$1.79,No Sale,https://seasonskosher.com/Content/Images/ico-close-notification-bar.png
700,"Kitov Flat Bread Everything, 10 Oz",$3.29,No Sale,https://seasonskosher.com/Content/Images/ico-close-notification-bar.png
701,"Limber's Snackers, Whole Wheat,...",$3.69,No Sale,https://seasonskosher.com/Content/Images/ico-close-notification-bar.png
702,"Sensible Portions Pita Chips, Sea Salt, 5 Oz",$3.19,No Sale,https://seasonskosher.com/Content/Images/ico-close-notification-bar.png
703,"Kemach Flatbread, Garlic, 5 Oz",$2.29,No Sale,https://seasonskosher.com/Content/Images/ico-close-notification-bar.png
704,"Hadar Whole Wheat Crackers, With Oats, 9...",$2.39,No Sale,https://seasonskosher.com/Content/Images/ico-close-notification-bar.png
705,"Shibolim K'nockers, Whole Spelt, Sesame,...",$4.49,No Sale,https://seasonskosher.com/Content/Images/ico-close-notification-bar.png
706,"Shibolim Crisp Snax, Whole Spelt, Sesame,...",$3.99,No Sale,https://seasonskosher.com/Content/Images/ico-close-notification-bar.png
707,"Shibolim Crisp Snax, Whole Wheat, Garlic,...",$2.99,No Sale,https://seasonskosher.com/Content/Images/ico-close-notification-bar.png
708,"Osem Sunny Wheat Crackers, Whole...",$2.69,No Sale,https://seasonskosher.com/Content/Images/ico-close-notification-bar.png
709,"Absolutely Gluten Free Crackers, Toasted...",$5.59,No Sale,https://seasonskosher.com/Content/Images/ico-close-notification-bar.png
710,"Meal Mart Chicken Liver Broiled, 8 Oz",$5.29,No Sale,https://seasonskosher.com/Content/Images/ico-close-notification-bar.png
713,"Hod Taim Sliced Pastrami, 6 Oz",$6.99,No Sale,https://seasonskosher.com/Content/Images/ico-close-notification-bar.png
714,"Kemach High Gluten Flour, 5 Lb",$3.89,No Sale,https://seasonskosher.com/Content/Images/ico-close-notification-bar.png
715,"Mission Tortillas, Whole Wheat, 8 Ct",$2.89,No Sale,https://seasonskosher.com/Content/Images/ico-close-notification-bar.png
716,"Flat Out Fold It Protein, 9 Oz",$3.29,No Sale,https://seasonskosher.com/Content/Images/ico-close-notification-bar.png
717,"New York Style Bagel Crisps Sea Salt, 7.2 Oz",$2.99,No Sale,https://seasonskosher.com/Content/Images/ico-close-notification-bar.png
718,"Nabisco Triscuit Original, 8.5 Oz",$4.29,No Sale,https://seasonskosher.com/Content/Images/ico-close-notification-bar.png
719,Gefen Cracker Sandwich With Real Peanut...,$0.79,No Sale,https://seasonskosher.com/Content/Images/ico-close-notification-bar.png
720,Paskesz Good Grain Crackers Flatbread...,$3.29,No Sale,https://seasonskosher.com/Content/Images/ico-close-notification-bar.png
721,Paskesz Paskesz Good Grain Multigr Garlic...,$3.29,No Sale,https://seasonskosher.com/Content/Images/ico-close-notification-bar.png
722,"Paskesz Good Grain Multigrain Orig, 7 Oz",$3.29,No Sale,https://seasonskosher.com/Content/Images/ico-close-notification-bar.png
723,"Nabisco Grahams Original, 14.4 Oz",$4.69,No Sale,https://seasonskosher.com/Content/Images/ico-close-notification-bar.png
724,Paskesz Good Grain Spelt Whole Grain 7 Oz,$3.29,No Sale,https://seasonskosher.com/Content/Images/ico-close-notification-bar.png
725,Paskesz Good Grain Whole Wheat Orig 7 Oz,$2.99,No Sale,https://seasonskosher.com/Content/Images/ico-close-notification-bar.png
726,"New York Everything Flatbreads, 5 Oz",$2.29,No Sale,https://seasonskosher.com/Content/Images/ico-close-notification-bar.png
728,"Aluminum Foil Pans 8"" Round Deep, 4 Pk",$1.89,No Sale,https://seasonskosher.com/Content/Images/ico-close-notification-bar.png
730,Wise Dipsy Doodles Barbecue Wavy...,$1.00,No Sale,https://seasonskosher.com/Content/Images/ico-close-notification-bar.png
731,Tirat Zvi Honey Glazed Turkey...,$6.69,No Sale,https://seasonskosher.com/Content/Images/ico-close-notification-bar.png
732,"Flatout Gluten Free, 9 Oz",$4.19,No Sale,https://seasonskosher.com/Content/Images/ico-close-notification-bar.png
733,"Tuscanini Parchment Crackers Rosemary,...",$4.19,No Sale,https://seasonskosher.com/Content/Images/ico-close-notification-bar.png
734,"Tuscanini Parchment Crackers Oregano, 3.5...",$4.49,No Sale,https://seasonskosher.com/Content/Images/ico-close-notification-bar.png
735,Gg Scandinavian Crispbread With Oat...,$2.99,No Sale,https://seasonskosher.com/Content/Images/ico-close-notification-bar.png
736,"Gefen Cracker Sandwich With Hazelnut Spread,...",$0.79,No Sale,https://seasonskosher.com/Content/Images/ico-close-notification-bar.png
737,Tuscanini Parchment Crackers With Olive...,$4.19,No Sale,https://seasonskosher.com/Content/Images/ico-close-notification-bar.png
738,"Gefen Sandwich Crackers Haze, 7.2 Oz",$3.49,No Sale,https://seasonskosher.com/Content/Images/ico-close-notification-bar.png
739,"Old London Melba Toast Sesame, 5 Oz",$2.49,No Sale,https://seasonskosher.com/Content/Images/ico-close-notification-bar.png
740,Deebest Go Fish Crackers Sweet Chili...,$3.29,No Sale,https://seasonskosher.com/Content/Images/ico-close-notification-bar.png
741,"Mm Fiber Flatbreads Everything, 1 Oz",$0.49,No Sale,https://seasonskosher.com/Content/Images/ico-close-notification-bar.png
742,New York Flatbread Pumpernickel...,$2.29,No Sale,https://seasonskosher.com/Content/Images/ico-close-notification-bar.png
743,"New York Flatbread Sesame Flatbreads, 5 Oz",$2.29,No Sale,https://seasonskosher.com/Content/Images/ico-close-notification-bar.png
744,"Herr's Pretzels, Extra Thin, Low...",$0.99 / each,No Sale,https://seasonskosher.com/Content/Images/ico-close-notification-bar.png
746,"Osem Soup Mix, Consomme,...",$6.29,No Sale,https://seasonskosher.com/Content/Images/ico-close-notification-bar.png
747,B'gan Broccoli Florets 24 Oz,$6.79,No Sale,https://seasonskosher.com/Content/Images/ico-close-notification-bar.png
749,"New York Flatbread Poppy Flatbreads, 5 Oz",$2.29,No Sale,https://seasonskosher.com/Content/Images/ico-close-notification-bar.png
750,"New York Flatbread Garlic Flatbreads, 5 Oz",$2.29,No Sale,https://seasonskosher.com/Content/Images/ico-close-notification-bar.png
751,"Haddar Whole Wheat Crackers, 9 Oz",$2.39,No Sale,https://seasonskosher.com/Content/Images/ico-close-notification-bar.png
752,"Lieber's Chocolate Graham Crackers, 16 Oz",$4.49,No Sale,https://seasonskosher.com/Content/Images/ico-close-notification-bar.png
753,"Gg Bran Crispbread Scandinavian, 3.5 Oz",$2.99,No Sale,https://seasonskosher.com/Content/Images/ico-close-notification-bar.png
754,"Paskesz Melba Toast Sesame, 7 Oz",$3.99,No Sale,https://seasonskosher.com/Content/Images/ico-close-notification-bar.png
755,"Kemach Flat Bread, Pizza, 5 Oz",$2.29,No Sale,https://seasonskosher.com/Content/Images/ico-close-notification-bar.png
756,"Kitov Thin Breadsticks, Multigrain, 4.4 Oz",$2.29,No Sale,https://seasonskosher.com/Content/Images/ico-close-notification-bar.png
757,"Wasa Crispbread, Whole Grain, 9.7 Oz",$2.69,No Sale,https://seasonskosher.com/Content/Images/ico-close-notification-bar.png
758,"Paskesz Breadsticks, Pizza, 4.41 Oz",$2.19,No Sale,https://seasonskosher.com/Content/Images/ico-close-notification-bar.png
759,"Kitov Bread Sticks, Sesame, 4.5 Oz",$1.79,No Sale,https://seasonskosher.com/Content/Images/ico-close-notification-bar.png
760,"Osem Sunny Wheat Crackers, 6.7 Oz",$3.29,No Sale,https://seasonskosher.com/Content/Images/ico-close-notification-bar.png
761,Tirat Zvi Oven Roasted Turkey...,$7.79,No Sale,https://seasonskosher.com/Content/Images/ico-close-notification-bar.png
765,"Hunt's Tomato Sauce, 15 Oz",$1.99,No Sale,https://seasonskosher.com/Content/Images/ico-close-notification-bar.png
766,"Dorot Garlic Cubes Crushed, 2.8 Oz",$3.29,No Sale,https://seasonskosher.com/Content/Images/ico-close-notification-bar.png
768,"Kitov Corn Pops, Lite, 5 Oz",$2.49,No Sale,https://seasonskosher.com/Content/Images/ico-close-notification-bar.png
769,"Ronzoni Penne Rigate #76, 1 Lb",$1.99,No Sale,https://seasonskosher.com/Content/Images/ico-close-notification-bar.png
771,"Bloom's Rice Cake Thins Plain, 4.6 Oz",$1.79,No Sale,https://seasonskosher.com/Content/Images/ico-close-notification-bar.png
772,"Bloom's Rice Cake Thins Multigrain, 4.6 Oz",$1.79,No Sale,https://seasonskosher.com/Content/Images/ico-close-notification-bar.png
773,"Pure Bites Multigrain Pop Cakes, 2.64 Oz",$3.99,No Sale,https://seasonskosher.com/Content/Images/ico-close-notification-bar.png
774,"Paskesz Multigrain Squares Plain, 4.9 Oz",$1.99,No Sale,https://seasonskosher.com/Content/Images/ico-close-notification-bar.png
775,Corn Cakes Thins 4Pk,$2.79,No Sale,https://seasonskosher.com/Content/Images/ico-close-notification-bar.png
776,"Paskesz Whole Wheat Squares Plain, 5.5 Oz",$1.99,No Sale,https://seasonskosher.com/Content/Images/ico-close-notification-bar.png
777,"Real Foods Corn Thins Multi Grain, 5.3 Oz",$2.99,No Sale,https://seasonskosher.com/Content/Images/ico-close-notification-bar.png
778,"Lieber Lie Rice Cakes Unsalted, 3.1 Oz",$1.69,No Sale,https://seasonskosher.com/Content/Images/ico-close-notification-bar.png
779,"Landau Rice Snack Choco Coated, 4 Oz",$2.79,No Sale,https://seasonskosher.com/Content/Images/ico-close-notification-bar.png
780,"Galil Corn Cakes Thin Gf Sea Salt, 3.5 Oz",$1.99,No Sale,https://seasonskosher.com/Content/Images/ico-close-notification-bar.png
781,"Lundberg Brown Rice Cake Salted, 8.5 Oz",$3.49,No Sale,https://seasonskosher.com/Content/Images/ico-close-notification-bar.png
782,"Paskesz Chocolate Rice Rounds, 3.5 Oz",$2.69,No Sale,https://seasonskosher.com/Content/Images/ico-close-notification-bar.png
784,"Wise Potato Chips, Kettle Cooked,...",$0.50,No Sale,https://seasonskosher.com/Content/Images/ico-close-notification-bar.png
787,"La Yogurt Vanilla, 6 Oz",$0.69,No Sale,https://seasonskosher.com/Content/Images/ico-close-notification-bar.png
788,"Real Foods Rice Thins Wholegrain, 5.3 Oz",$2.99,No Sale,https://seasonskosher.com/Content/Images/ico-close-notification-bar.png
789,"Landau Rice Cake Thins Salted, 4.6 Oz",$1.99,No Sale,https://seasonskosher.com/Content/Images/ico-close-notification-bar.png
790,"Lieber's Lie Rice Cakes Thin Sunflower, 3.1 Oz",$1.69,No Sale,https://seasonskosher.com/Content/Images/ico-close-notification-bar.png
791,"Lieber Lie Rice Cakes Sesame, 3.1 Oz",$1.69,No Sale,https://seasonskosher.com/Content/Images/ico-close-notification-bar.png
792,"Landau Corn Cakes Lightly Salted, 4.6 Oz",$1.99,No Sale,https://seasonskosher.com/Content/Images/ico-close-notification-bar.png
793,"Landau Landau's Rice Cake, 6 Oz",$1.79,No Sale,https://seasonskosher.com/Content/Images/ico-close-notification-bar.png
794,"Paskesz Ulta-Thin Multigrain Minis, 4.2 Oz",$2.99,No Sale,https://seasonskosher.com/Content/Images/ico-close-notification-bar.png
795,"Paskesz Multigrain Squares Salt Free, 4.9...",$1.99,No Sale,https://seasonskosher.com/Content/Images/ico-close-notification-bar.png
796,"Paskesz Rice Cake Squares Salt Free, 4.9...",$1.99,No Sale,https://seasonskosher.com/Content/Images/ico-close-notification-bar.png
797,Crunchy Rice Rollers Organic - Apple...,$4.49,No Sale,https://seasonskosher.com/Content/Images/ico-close-notification-bar.png
798,"Liebers Chocolate Coated Rice Cakes, 3.1...",$2.49,No Sale,https://seasonskosher.com/Content/Images/ico-close-notification-bar.png
799,"Landau Mini Rice Cakes Chocolate Coated, 2.1...",$2.49,No Sale,https://seasonskosher.com/Content/Images/ico-close-notification-bar.png
800,"Ocean Spray Craisins Original, 6...",$2.69,No Sale,https://seasonskosher.com/Content/Images/ico-close-notification-bar.png
801,Haolam Mozzarella & Cheddar...,$4.49,No Sale,https://seasonskosher.com/Content/Images/ico-close-notification-bar.png
802,"Coca Cola, Classic, 2 Lt",$1.99,No Sale,https://seasonskosher.com/Content/Images/ico-close-notification-bar.png
803,"Lieber's Snackers, Salted, 12 Oz",$3.69,No Sale,https://seasonskosher.com/Content/Images/ico-close-notification-bar.png
805,"Bloom's Rice Cake Squares Thin Plain,...",$1.99,No Sale,https://seasonskosher.com/Content/Images/ico-close-notification-bar.png
806,"Landau Sugar Free Choc Rice Cake 6 Pk, 5 Oz",$2.99,No Sale,https://seasonskosher.com/Content/Images/ico-close-notification-bar.png
807,"Paskesz Whole Wheat Squares Salt Free, 5.5...",$1.99,No Sale,https://seasonskosher.com/Content/Images/ico-close-notification-bar.png
808,"Paskesz Rice Squares W/ Quinoa Pl, 4.9 Oz",$2.19,No Sale,https://seasonskosher.com/Content/Images/ico-close-notification-bar.png
809,"Paskesz Spelt Squares Plain, 5.5 Oz",$1.99,No Sale,https://seasonskosher.com/Content/Images/ico-close-notification-bar.png
810,"Paskesz Chocolate Corn Rounds, 3.5 Oz",$2.49,No Sale,https://seasonskosher.com/Content/Images/ico-close-notification-bar.png
811,"Paskesz Rice Checkers, 1.4 Oz",$1.59,No Sale,https://seasonskosher.com/Content/Images/ico-close-notification-bar.png
812,"Pure Bites Multigrain Ww Pop Cakes, 2.64 Oz",$3.99,No Sale,https://seasonskosher.com/Content/Images/ico-close-notification-bar.png
813,"Bloom's Rice Cake Thins No Salt, 4.6 Oz",$1.79,No Sale,https://seasonskosher.com/Content/Images/ico-close-notification-bar.png
814,"Bloom's Corn Cake Thins, 5 Oz",$2.09,No Sale,https://seasonskosher.com/Content/Images/ico-close-notification-bar.png
815,"Shibolim Choc Rice Chips Sugr Free, 3.5 Oz",$3.19,No Sale,https://seasonskosher.com/Content/Images/ico-close-notification-bar.png
816,"Shibolim Choc Coated Rice Chips, 3.5 Oz",$3.19,No Sale,https://seasonskosher.com/Content/Images/ico-close-notification-bar.png
818,"Kosherific 48 Fish Sticks, 25 Oz",$7.29,No Sale,https://seasonskosher.com/Content/Images/ico-close-notification-bar.png
820,J&J Cream Cheese Whipped Reduced...,$4.69,No Sale,https://seasonskosher.com/Content/Images/ico-close-notification-bar.png
822,"Landau Carob Rice Cakes, 5 Oz",$3.29,No Sale,https://seasonskosher.com/Content/Images/ico-close-notification-bar.png
823,"Taanug/Landau Rice Cake Corn Unsalted,...",$1.79,No Sale,https://seasonskosher.com/Content/Images/ico-close-notification-bar.png
824,"Crunchy Rollers Organic - Mixed Berry, 6 Ct,...",$4.49,No Sale,https://seasonskosher.com/Content/Images/ico-close-notification-bar.png
825,"Landau Honey Carob Rice Cakes, 5 Oz",$2.49,No Sale,https://seasonskosher.com/Content/Images/ico-close-notification-bar.png
826,"Liebers Rice Cake Sesame Unsalte, 5.2 Oz",$1.99,No Sale,https://seasonskosher.com/Content/Images/ico-close-notification-bar.png
827,Crunchy Ro Crunchy Rice Roller,$4.49,No Sale,https://seasonskosher.com/Content/Images/ico-close-notification-bar.png
828,"Crunchy Rice Rollers Organic - Strawberry,...",$4.49,No Sale,https://seasonskosher.com/Content/Images/ico-close-notification-bar.png
829,"Bloom's Rice Cake Ultra Thin Rounds, 8.8 Oz",$3.79,No Sale,https://seasonskosher.com/Content/Images/ico-close-notification-bar.png
830,"Landau Carob Rice Cakes Mint, 5 Oz",$3.29,No Sale,https://seasonskosher.com/Content/Images/ico-close-notification-bar.png
831,"Taanug 6 Pk Rice Cake Chocolate, 5 Oz",$2.69,No Sale,https://seasonskosher.com/Content/Images/ico-close-notification-bar.png
832,"Taanug Rice Cakes Raspberry, 3.5 Oz",$1.99,No Sale,https://seasonskosher.com/Content/Images/ico-close-notification-bar.png
833,"Taanug Rice Cake Corn Salted, 4.8 Oz",$1.79,No Sale,https://seasonskosher.com/Content/Images/ico-close-notification-bar.png
839,"Landau Spelt Cakes Lightly Salted, 4.6 Oz",$1.99,No Sale,https://seasonskosher.com/Content/Images/ico-close-notification-bar.png
840,"Landau Rice Cake Thins N/S, 4.6 Oz",$1.79,No Sale,https://seasonskosher.com/Content/Images/ico-close-notification-bar.png
841,"Landau Rice Cake Multi Grain Saltd Re, 6 Oz",$1.79,No Sale,https://seasonskosher.com/Content/Images/ico-close-notification-bar.png
842,"Landau Rice Cake Sesame Unsalted, 6 Oz",$1.79,No Sale,https://seasonskosher.com/Content/Images/ico-close-notification-bar.png
843,"Landau Rice Cake, Plain Unsalted, 6 Oz",$1.79,No Sale,https://seasonskosher.com/Content/Images/ico-close-notification-bar.png
844,"Landau Peanut Rice Cake, 5 Oz",$2.99,No Sale,https://seasonskosher.com/Content/Images/ico-close-notification-bar.png
845,"Start Fresh 6 Pk Rice Cake Carob Diet, 3.75...",$2.59,No Sale,https://seasonskosher.com/Content/Images/ico-close-notification-bar.png
846,"Real Foods Corn Thins Flax & Soy, 5.3 Oz",$2.99,No Sale,https://seasonskosher.com/Content/Images/ico-close-notification-bar.png
847,Rice Cake Apple Cinnamon,$3.49,No Sale,https://seasonskosher.com/Content/Images/ico-close-notification-bar.png
848,"Lundberg Brown Rice Cake No Salt, 8.5 Oz",$3.49,No Sale,https://seasonskosher.com/Content/Images/ico-close-notification-bar.png
849,"Real Foods Corn Thins Sesame, 5.3 Oz",$2.99,No Sale,https://seasonskosher.com/Content/Images/ico-close-notification-bar.png
850,"Paskesz Wholegrain Corn Checkers, 1.4 Oz",$1.59,No Sale,https://seasonskosher.com/Content/Images/ico-close-notification-bar.png
853,"Sabra Classic Hummus, 10 Oz",$3.49,No Sale,https://seasonskosher.com/Content/Images/ico-close-notification-bar.png
854,"Mehadrin Greek Yogurt Plain, 32 Oz",$5.79,No Sale,https://seasonskosher.com/Content/Images/ico-close-notification-bar.png
855,"Herr's Potato Chips Hot Sauce, 1 Oz",$0.99 / each,No Sale,https://seasonskosher.com/Content/Images/ico-close-notification-bar.png
856,"Dr Pepper, Diet, 2 Ltr",$1.99,No Sale,https://seasonskosher.com/Content/Images/ico-close-notification-bar.png
859,"Kitchen Collection Plastic Forks, 400...",$4.29,No Sale,https://seasonskosher.com/Content/Images/ico-close-notification-bar.png
860,"Barilla Traditional Marinara Sauce,...",$3.79,No Sale,https://seasonskosher.com/Content/Images/ico-close-notification-bar.png
861,"Quality Choice Salad Croutons, Whole...",$5.29,No Sale,https://seasonskosher.com/Content/Images/ico-close-notification-bar.png
862,"Kemach Chow Mein Noodles Ex-Fine, 10 Oz",$1.99,No Sale,https://seasonskosher.com/Content/Images/ico-close-notification-bar.png
863,"Quality Choice Croutons Bbq, 15 Oz",$5.29,No Sale,https://seasonskosher.com/Content/Images/ico-close-notification-bar.png
864,"McCormick Imitation Bac'n Pieces, Chips,...",$2.99,No Sale,https://seasonskosher.com/Content/Images/ico-close-notification-bar.png
865,"Gefen Onion Garlic Croutons Sav, 5.2 Oz",$2.79,No Sale,https://seasonskosher.com/Content/Images/ico-close-notification-bar.png
866,"Gefen Italian Herb Croutons, 5.2 Oz",$2.79,No Sale,https://seasonskosher.com/Content/Images/ico-close-notification-bar.png
867,"Osem Croutons, Garlic Paprika, 6 Oz",$2.69,No Sale,https://seasonskosher.com/Content/Images/ico-close-notification-bar.png
868,"Osem Croutons Herbs, 6 Oz",$2.69,No Sale,https://seasonskosher.com/Content/Images/ico-close-notification-bar.png
869,"Glicks Won Ton Chips, 10 Oz",$1.99,No Sale,https://seasonskosher.com/Content/Images/ico-close-notification-bar.png
870,Quality Choice Salad Croutons,$4.69,No Sale,https://seasonskosher.com/Content/Images/ico-close-notification-bar.png
871,Muzon Croutons Onion & Garlic 13 Oz,$5.49,No Sale,https://seasonskosher.com/Content/Images/ico-close-notification-bar.png
872,Muzon Croutons Caesar 9Oz New Item !,$5.49,No Sale,https://seasonskosher.com/Content/Images/ico-close-notification-bar.png
873,"Bloom's Abc Cookie Squares, 1 Oz",$1.16 / each,No Sale,https://seasonskosher.com/Content/Images/ico-close-notification-bar.png
876,"Paskesz Marshmallows,...",$4.98,No Sale,https://seasonskosher.com/Content/Images/ico-close-notification-bar.png
